"HITId","HITTypeId","Title","Description","Keywords","Reward","CreationTime","MaxAssignments","RequesterAnnotation","AssignmentDurationInSeconds","AutoApprovalDelayInSeconds","Expiration","NumberOfSimilarHITs","LifetimeInSeconds","AssignmentId","WorkerId","AssignmentStatus","AcceptTime","SubmitTime","AutoApprovalTime","ApprovalTime","RejectionTime","RequesterFeedback","WorkTimeInSeconds","LifetimeApprovalRate","Last30DaysApprovalRate","Last7DaysApprovalRate","Input.link","Answer.WritingTexts","Approve","Reject"
"31ODACBENUFE3AS3H83975PRJI4QSL","3KYKM8PUWFBHVRG32VLVAYI8M6Z3HA","Trim superfluous words from a passage of text (WARNING: content may depict violence/profanity/drug use/adult situations)","Read a 1-page excerpt from a manuscript of a novel, and pick at least five words that can be removed without changing the passage's meaning.","writing, summary, text, wordcount","$0.25","Thu Aug 13 19:49:04 PDT 2015","1","BatchId:2056548;","3600","28800","Thu Aug 20 19:49:04 PDT 2015","","","3HFNH7HEMHEEZPG5CAEU6A2871HGQ2","A47P5PR27PW3B","Approved","Thu Aug 13 19:59:58 PDT 2015","Thu Aug 13 20:30:47 PDT 2015","Fri Aug 14 04:30:47 PDT 2015","Thu Aug 13 20:36:27 PDT 2015","","","1849","100% (10/10)","100% (10/10)","100% (10/10)","https://mikhailvoloshin.com/ALLSITES/dopaminenovel.com/api/full_text.php?dev=true#p=5&h=220","Look at her prices, though."
"3XJOUITW8URFIA5I688ZHALDL1IQTA","3KYKM8PUWFBHVRG32VLVAYI8M6Z3HA","Trim superfluous words from a passage of text (WARNING: content may depict violence/profanity/drug use/adult situations)","Read a 1-page excerpt from a manuscript of a novel, and pick at least five words that can be removed without changing the passage's meaning.","writing, summary, text, wordcount","$0.25","Thu Aug 13 19:49:04 PDT 2015","1","BatchId:2056548;","3600","28800","Thu Aug 20 19:49:04 PDT 2015","","","3C2NJ6JBKAH3HYV6X31O0CD2S7Q2NJ","A26RO8GGTQAXGG","Approved","Thu Aug 13 20:05:09 PDT 2015","Thu Aug 13 20:06:45 PDT 2015","Fri Aug 14 04:06:45 PDT 2015","Thu Aug 13 20:30:30 PDT 2015","","","96","100% (6/6)","100% (6/6)","100% (6/6)","https://mikhailvoloshin.com/ALLSITES/dopaminenovel.com/api/full_text.php?dev=true#p=47&h=220","still in his hand
just"
"36QZ6V1589D6V3ZKYHNEH6MGM39UST","3KYKM8PUWFBHVRG32VLVAYI8M6Z3HA","Trim superfluous words from a passage of text (WARNING: content may depict violence/profanity/drug use/adult situations)","Read a 1-page excerpt from a manuscript of a novel, and pick at least five words that can be removed without changing the passage's meaning.","writing, summary, text, wordcount","$0.25","Thu Aug 13 19:49:04 PDT 2015","1","BatchId:2056548;","3600","28800","Thu Aug 20 19:49:04 PDT 2015","","","3RGU30DZTA8X5C8ESNSGMEAJPS1MJP","A2WGU2YKJ2E63B","Approved","Thu Aug 13 20:00:16 PDT 2015","Thu Aug 13 20:12:57 PDT 2015","Fri Aug 14 04:12:57 PDT 2015","Thu Aug 13 20:30:27 PDT 2015","","","761","100% (1/1)","100% (1/1)","100% (1/1)","https://mikhailvoloshin.com/ALLSITES/dopaminenovel.com/api/full_text.php?dev=true#p=89&h=220","It glowed with a shade of red just slightly deeper than the visible spectrum.
[Just]

Danny stared unblinkingly as he tried to compute the hot coffee pot’s emission spectrum, a relatively easy task using Planck’s Law; the power per unit area I of frequency v from a body at temperature T was equal to v cubed times 2 times the Planck constant divided by…
[Unblinkingly]

Two quick buzzes from his cellphone signaled an incoming email.
[Quick]

He pulled the device from his pocket and noted the telltale blinking light. 
[Telltale]

 He expanded the message to see what the spiky-haired investor wanted.
[Spiky-haired]"
"301KG0KX9CL8LIC2431979KMU192HY","3KYKM8PUWFBHVRG32VLVAYI8M6Z3HA","Trim superfluous words from a passage of text (WARNING: content may depict violence/profanity/drug use/adult situations)","Read a 1-page excerpt from a manuscript of a novel, and pick at least five words that can be removed without changing the passage's meaning.","writing, summary, text, wordcount","$0.25","Thu Aug 13 19:49:04 PDT 2015","1","BatchId:2056548;","3600","28800","Thu Aug 20 19:49:04 PDT 2015","","","3BEFOD78W6T72UPTPG5CGCL07VC4MH","A47P5PR27PW3B","Approved","Thu Aug 13 20:00:45 PDT 2015","Thu Aug 13 20:45:56 PDT 2015","Fri Aug 14 04:45:56 PDT 2015","Thu Aug 13 20:51:47 PDT 2015","","","2711","100% (10/10)","100% (10/10)","100% (10/10)","https://mikhailvoloshin.com/ALLSITES/dopaminenovel.com/api/full_text.php?dev=true#p=131&h=220","It had to happen eventually."
"3UUIU9GZC55QPOMKMGKWJZQMP5VT50","3KYKM8PUWFBHVRG32VLVAYI8M6Z3HA","Trim superfluous words from a passage of text (WARNING: content may depict violence/profanity/drug use/adult situations)","Read a 1-page excerpt from a manuscript of a novel, and pick at least five words that can be removed without changing the passage's meaning.","writing, summary, text, wordcount","$0.25","Thu Aug 13 19:49:04 PDT 2015","1","BatchId:2056548;","3600","28800","Thu Aug 20 19:49:04 PDT 2015","","","3NKQQ8O39Y53FYDVRTXRAQW0XU7DUU","A1QNSTTYHRGJAT","Approved","Thu Aug 13 19:58:35 PDT 2015","Thu Aug 13 20:00:36 PDT 2015","Fri Aug 14 04:00:36 PDT 2015","Thu Aug 13 20:30:30 PDT 2015","","","121","100% (2/2)","100% (2/2)","100% (2/2)","https://mikhailvoloshin.com/ALLSITES/dopaminenovel.com/api/full_text.php?dev=true#p=173&h=220","investment
six
fair
and 
square"
"3YCT0L9OMM9T0DFB1GBS3BUME7HNSV","3KYKM8PUWFBHVRG32VLVAYI8M6Z3HA","Trim superfluous words from a passage of text (WARNING: content may depict violence/profanity/drug use/adult situations)","Read a 1-page excerpt from a manuscript of a novel, and pick at least five words that can be removed without changing the passage's meaning.","writing, summary, text, wordcount","$0.25","Thu Aug 13 19:49:04 PDT 2015","1","BatchId:2056548;","3600","28800","Thu Aug 20 19:49:04 PDT 2015","","","39KFRKBFINVB04OPR38WO5ECXWPYOA","A1CM02UL0ORLHY","Approved","Thu Aug 13 19:52:36 PDT 2015","Thu Aug 13 19:55:03 PDT 2015","Fri Aug 14 03:55:03 PDT 2015","Thu Aug 13 20:30:30 PDT 2015","","","147","100% (2/2)","100% (2/2)","100% (2/2)","https://mikhailvoloshin.com/ALLSITES/dopaminenovel.com/api/full_text.php?dev=true#p=215&h=220","pointedly
buzzing
beeping
claymore
thick"
"32FESTC2NHQQOMAO1VXE21IY00OCUI","3KYKM8PUWFBHVRG32VLVAYI8M6Z3HA","Trim superfluous words from a passage of text (WARNING: content may depict violence/profanity/drug use/adult situations)","Read a 1-page excerpt from a manuscript of a novel, and pick at least five words that can be removed without changing the passage's meaning.","writing, summary, text, wordcount","$0.25","Thu Aug 13 19:49:04 PDT 2015","1","BatchId:2056548;","3600","28800","Thu Aug 20 19:49:04 PDT 2015","","","37ZHEEHM6WM3ZVZ2LWY4NPW4Y6L73O","A2R2YZTSME1K3F","Approved","Thu Aug 13 19:58:28 PDT 2015","Thu Aug 13 20:02:44 PDT 2015","Fri Aug 14 04:02:44 PDT 2015","Thu Aug 13 20:30:26 PDT 2015","","","256","100% (42/42)","100% (42/42)","100% (42/42)","https://mikhailvoloshin.com/ALLSITES/dopaminenovel.com/api/full_text.php?dev=true#p=257&h=220","""distant"", ""very"", ""for him"", ""rather as"", ""just"""
"3PA41K45VN47K07WTSQ9C93LR857PO","3KYKM8PUWFBHVRG32VLVAYI8M6Z3HA","Trim superfluous words from a passage of text (WARNING: content may depict violence/profanity/drug use/adult situations)","Read a 1-page excerpt from a manuscript of a novel, and pick at least five words that can be removed without changing the passage's meaning.","writing, summary, text, wordcount","$0.25","Thu Aug 13 19:49:04 PDT 2015","1","BatchId:2056548;","3600","28800","Thu Aug 20 19:49:04 PDT 2015","","","3EICBYG644WKWQWNFYY2JI57VEXJC4","A2R2YZTSME1K3F","Approved","Thu Aug 13 19:58:57 PDT 2015","Thu Aug 13 20:42:50 PDT 2015","Fri Aug 14 04:42:50 PDT 2015","Thu Aug 13 20:51:48 PDT 2015","","","2633","100% (42/42)","100% (42/42)","100% (42/42)","https://mikhailvoloshin.com/ALLSITES/dopaminenovel.com/api/full_text.php?dev=true#p=299&h=220","slightly, at the barbarian's feet, vibrato, backward, foul, to fill its place"
"3DZKABX2ZI5Q11ZO6L7JYNKHE7XCV7","3KYKM8PUWFBHVRG32VLVAYI8M6Z3HA","Trim superfluous words from a passage of text (WARNING: content may depict violence/profanity/drug use/adult situations)","Read a 1-page excerpt from a manuscript of a novel, and pick at least five words that can be removed without changing the passage's meaning.","writing, summary, text, wordcount","$0.25","Thu Aug 13 19:49:04 PDT 2015","1","BatchId:2056548;","3600","28800","Thu Aug 20 19:49:04 PDT 2015","","","3DH6GAKTYYPNZ82WTCJD43LGH0SYZC","A2R2YZTSME1K3F","Approved","Thu Aug 13 20:55:02 PDT 2015","Thu Aug 13 21:32:11 PDT 2015","Fri Aug 14 05:32:11 PDT 2015","Fri Aug 14 03:38:26 PDT 2015","","","2229","100% (42/42)","100% (42/42)","100% (42/42)","https://mikhailvoloshin.com/ALLSITES/dopaminenovel.com/api/full_text.php?dev=true#p=341&h=220","or not, three, quietly, on papers, in turn"
"3VO4XFFP15MSKC8BT55YCETVW4R7QF","3KYKM8PUWFBHVRG32VLVAYI8M6Z3HA","Trim superfluous words from a passage of text (WARNING: content may depict violence/profanity/drug use/adult situations)","Read a 1-page excerpt from a manuscript of a novel, and pick at least five words that can be removed without changing the passage's meaning.","writing, summary, text, wordcount","$0.25","Thu Aug 13 19:49:04 PDT 2015","1","BatchId:2056548;","3600","28800","Thu Aug 20 19:49:04 PDT 2015","","","39K0FND3AHFM4J5AYHF3TF70Z57MA9","A2R2YZTSME1K3F","Approved","Thu Aug 13 19:58:37 PDT 2015","Thu Aug 13 20:20:48 PDT 2015","Fri Aug 14 04:20:48 PDT 2015","Thu Aug 13 20:30:30 PDT 2015","","","1331","100% (42/42)","100% (42/42)","100% (42/42)","https://mikhailvoloshin.com/ALLSITES/dopaminenovel.com/api/full_text.php?dev=true#p=383&h=220","so to speak, please, clear, guys, tina retorted,"
"3NFWQRSHVEEEMGT38SYY6S2AO51FGW","3KYKM8PUWFBHVRG32VLVAYI8M6Z3HA","Trim superfluous words from a passage of text (WARNING: content may depict violence/profanity/drug use/adult situations)","Read a 1-page excerpt from a manuscript of a novel, and pick at least five words that can be removed without changing the passage's meaning.","writing, summary, text, wordcount","$0.25","Thu Aug 13 19:49:04 PDT 2015","1","BatchId:2056548;","3600","28800","Thu Aug 20 19:49:04 PDT 2015","","","3L4PIM1GQTGEXHG5JVP0I0JH8J9RYC","AMERD84D2MGKR","Approved","Thu Aug 13 20:04:55 PDT 2015","Thu Aug 13 20:16:48 PDT 2015","Fri Aug 14 04:16:48 PDT 2015","Thu Aug 13 20:30:29 PDT 2015","","","713","100% (19/19)","100% (19/19)","100% (19/19)","https://mikhailvoloshin.com/ALLSITES/dopaminenovel.com/api/full_text.php?dev=true#p=425&h=220","The three of them looked back and forth at one another and shrugged. 
[ looked back and forth at one another -> at each other ]

The two other men issued Roger their temporary goodbyes
[ temporary ]"
"36FQTHX3Z3RNFN5Z8B5I48MG5253BV","3KYKM8PUWFBHVRG32VLVAYI8M6Z3HA","Trim superfluous words from a passage of text (WARNING: content may depict violence/profanity/drug use/adult situations)","Read a 1-page excerpt from a manuscript of a novel, and pick at least five words that can be removed without changing the passage's meaning.","writing, summary, text, wordcount","$0.25","Thu Aug 13 19:49:04 PDT 2015","1","BatchId:2056548;","3600","28800","Thu Aug 20 19:49:04 PDT 2015","","","3O7L7BFSHEP3YDWVT7JXX5QA3BMIEL","A2R2YZTSME1K3F","Approved","Thu Aug 13 20:06:02 PDT 2015","Thu Aug 13 20:09:19 PDT 2015","Fri Aug 14 04:09:19 PDT 2015","Thu Aug 13 20:30:27 PDT 2015","","","197","100% (42/42)","100% (42/42)","100% (42/42)","https://mikhailvoloshin.com/ALLSITES/dopaminenovel.com/api/full_text.php?dev=true#p=467&h=220","""morosely"", ""sir"", ""doctor p"", ""from him"", ""really"","
"33EEIIWHK77UV297B38EIS9YIMYVQV","3KYKM8PUWFBHVRG32VLVAYI8M6Z3HA","Trim superfluous words from a passage of text (WARNING: content may depict violence/profanity/drug use/adult situations)","Read a 1-page excerpt from a manuscript of a novel, and pick at least five words that can be removed without changing the passage's meaning.","writing, summary, text, wordcount","$0.25","Thu Aug 13 19:49:04 PDT 2015","1","BatchId:2056548;","3600","28800","Thu Aug 20 19:49:04 PDT 2015","","","3NKQQ8O39Y53FYDVRTXRAQW0XU7UDB","AMERD84D2MGKR","Approved","Thu Aug 13 20:05:43 PDT 2015","Thu Aug 13 21:00:29 PDT 2015","Fri Aug 14 05:00:29 PDT 2015","Fri Aug 14 03:38:24 PDT 2015","","","3286","100% (19/19)","100% (19/19)","100% (19/19)","https://mikhailvoloshin.com/ALLSITES/dopaminenovel.com/api/full_text.php?dev=true#p=509&h=220","asked Jason as he returned to the table, sliding his cellphone into his pocket. -> asked Jason as he returned to the table."
"31J7RYECZLQ3ITDWCKGTUI3OJC4L17","3KYKM8PUWFBHVRG32VLVAYI8M6Z3HA","Trim superfluous words from a passage of text (WARNING: content may depict violence/profanity/drug use/adult situations)","Read a 1-page excerpt from a manuscript of a novel, and pick at least five words that can be removed without changing the passage's meaning.","writing, summary, text, wordcount","$0.25","Thu Aug 13 19:49:04 PDT 2015","1","BatchId:2056548;","3600","28800","Thu Aug 20 19:49:04 PDT 2015","","","3WOKGM4L71GE39S4JVXNWDKSLJA0OB","A1QNSTTYHRGJAT","Approved","Thu Aug 13 19:55:45 PDT 2015","Thu Aug 13 19:58:03 PDT 2015","Fri Aug 14 03:58:03 PDT 2015","Thu Aug 13 20:30:26 PDT 2015","","","138","100% (2/2)","100% (2/2)","100% (2/2)","https://mikhailvoloshin.com/ALLSITES/dopaminenovel.com/api/full_text.php?dev=true#p=551&h=220","better
but
firmly
back
personnel"
"3MDKGGG61QNM8SMYRZU1B54ML06T6G","3KYKM8PUWFBHVRG32VLVAYI8M6Z3HA","Trim superfluous words from a passage of text (WARNING: content may depict violence/profanity/drug use/adult situations)","Read a 1-page excerpt from a manuscript of a novel, and pick at least five words that can be removed without changing the passage's meaning.","writing, summary, text, wordcount","$0.25","Thu Aug 13 19:49:04 PDT 2015","1","BatchId:2056548;","3600","28800","Thu Aug 20 19:49:04 PDT 2015","","","3A0EX8ZRN8ORHAZGNY3AILEDQX5YB5","A2R2YZTSME1K3F","Approved","Thu Aug 13 19:58:49 PDT 2015","Thu Aug 13 20:34:42 PDT 2015","Fri Aug 14 04:34:42 PDT 2015","Thu Aug 13 20:42:09 PDT 2015","","","2153","100% (42/42)","100% (42/42)","100% (42/42)","https://mikhailvoloshin.com/ALLSITES/dopaminenovel.com/api/full_text.php?dev=true#p=593&h=220","whole, guys, we understand your concerns but"
"3VP28W7DUNKEDXO8YKMNRZIGZVUZF4","3KYKM8PUWFBHVRG32VLVAYI8M6Z3HA","Trim superfluous words from a passage of text (WARNING: content may depict violence/profanity/drug use/adult situations)","Read a 1-page excerpt from a manuscript of a novel, and pick at least five words that can be removed without changing the passage's meaning.","writing, summary, text, wordcount","$0.25","Thu Aug 13 19:49:04 PDT 2015","1","BatchId:2056548;","3600","28800","Thu Aug 20 19:49:04 PDT 2015","","","3EG49X351UCWBTSBMB00ORLCAQ1X6E","A2R2YZTSME1K3F","Approved","Thu Aug 13 20:48:57 PDT 2015","Thu Aug 13 21:26:11 PDT 2015","Fri Aug 14 05:26:11 PDT 2015","Fri Aug 14 03:38:28 PDT 2015","","","2234","100% (42/42)","100% (42/42)","100% (42/42)","https://mikhailvoloshin.com/ALLSITES/dopaminenovel.com/api/full_text.php?dev=true#p=635&h=220","actually, a lot, call it what you will, that you imagine, i've worked late before but"
"3MGHRFQY2LPNB3ZDZG1JALMANZ2Y09","3KYKM8PUWFBHVRG32VLVAYI8M6Z3HA","Trim superfluous words from a passage of text (WARNING: content may depict violence/profanity/drug use/adult situations)","Read a 1-page excerpt from a manuscript of a novel, and pick at least five words that can be removed without changing the passage's meaning.","writing, summary, text, wordcount","$0.25","Thu Aug 13 19:49:04 PDT 2015","1","BatchId:2056548;","3600","28800","Thu Aug 20 19:49:04 PDT 2015","","","382M9COHEHF874RVNO8BG8ELX69UE5","A2R2YZTSME1K3F","Approved","Thu Aug 13 20:23:50 PDT 2015","Thu Aug 13 21:02:45 PDT 2015","Fri Aug 14 05:02:45 PDT 2015","Fri Aug 14 03:38:27 PDT 2015","","","2335","100% (42/42)","100% (42/42)","100% (42/42)","https://mikhailvoloshin.com/ALLSITES/dopaminenovel.com/api/full_text.php?dev=true#p=677&h=220","just, now, around, little, can (from ""i can see""), over (from ""while i'm dragging the chair over""), that (from ""i see that the camera"")"
"39XCQ6V3KY4KNQB8Q3C38PY85XK561","3KYKM8PUWFBHVRG32VLVAYI8M6Z3HA","Trim superfluous words from a passage of text (WARNING: content may depict violence/profanity/drug use/adult situations)","Read a 1-page excerpt from a manuscript of a novel, and pick at least five words that can be removed without changing the passage's meaning.","writing, summary, text, wordcount","$0.25","Thu Aug 13 19:49:04 PDT 2015","1","BatchId:2056548;","3600","28800","Thu Aug 20 19:49:04 PDT 2015","","","324G5B4FB387I30529GLLRYXVU370V","A2R2YZTSME1K3F","Approved","Thu Aug 13 20:52:53 PDT 2015","Thu Aug 13 21:30:47 PDT 2015","Fri Aug 14 05:30:47 PDT 2015","Fri Aug 14 03:38:25 PDT 2015","","","2274","100% (42/42)","100% (42/42)","100% (42/42)","https://mikhailvoloshin.com/ALLSITES/dopaminenovel.com/api/full_text.php?dev=true#p=719&h=220","in a window, of hexadecimal digits, right, just"
"37OPIVELUU3XQL76HIUODR3K6P1AHD","3KYKM8PUWFBHVRG32VLVAYI8M6Z3HA","Trim superfluous words from a passage of text (WARNING: content may depict violence/profanity/drug use/adult situations)","Read a 1-page excerpt from a manuscript of a novel, and pick at least five words that can be removed without changing the passage's meaning.","writing, summary, text, wordcount","$0.25","Thu Aug 13 19:49:05 PDT 2015","1","BatchId:2056548;","3600","28800","Thu Aug 20 19:49:05 PDT 2015","","","3P59JYT76LK1CB0QUZN09BJUHPC2TK","AMERD84D2MGKR","Approved","Thu Aug 13 20:05:52 PDT 2015","Thu Aug 13 21:05:19 PDT 2015","Fri Aug 14 05:05:19 PDT 2015","Fri Aug 14 03:38:25 PDT 2015","","","3567","100% (19/19)","100% (19/19)","100% (19/19)","https://mikhailvoloshin.com/ALLSITES/dopaminenovel.com/api/full_text.php?dev=true#p=761&h=220","The view came to rest on the receptionist’s face, poised inches from the camera lens.
[ poised, inches, from, the camera, lens ]"
"341YLJU21IZ8HDNMALJU7LL1UEO2IR","3KYKM8PUWFBHVRG32VLVAYI8M6Z3HA","Trim superfluous words from a passage of text (WARNING: content may depict violence/profanity/drug use/adult situations)","Read a 1-page excerpt from a manuscript of a novel, and pick at least five words that can be removed without changing the passage's meaning.","writing, summary, text, wordcount","$0.25","Thu Aug 13 19:49:05 PDT 2015","1","BatchId:2056548;","3600","28800","Thu Aug 20 19:49:05 PDT 2015","","","3IAS3U3I0FG1GP69UDWF9HD8BIBB22","A47P5PR27PW3B","Approved","Thu Aug 13 20:00:04 PDT 2015","Thu Aug 13 20:35:18 PDT 2015","Fri Aug 14 04:35:18 PDT 2015","Thu Aug 13 20:42:09 PDT 2015","","","2114","100% (10/10)","100% (10/10)","100% (10/10)","https://mikhailvoloshin.com/ALLSITES/dopaminenovel.com/api/full_text.php?dev=true#p=803&h=220","I learned them cold and"
"371DNNCG4429C65MKERZVJ0DRVX8TI","3KYKM8PUWFBHVRG32VLVAYI8M6Z3HA","Trim superfluous words from a passage of text (WARNING: content may depict violence/profanity/drug use/adult situations)","Read a 1-page excerpt from a manuscript of a novel, and pick at least five words that can be removed without changing the passage's meaning.","writing, summary, text, wordcount","$0.25","Thu Aug 13 19:49:05 PDT 2015","1","BatchId:2056548;","3600","28800","Thu Aug 20 19:49:05 PDT 2015","","","3U088ZLJVKTM8I16AHOXD7XEOL90WN","A4T1X0PO5N1G9","Approved","Thu Aug 13 19:57:24 PDT 2015","Thu Aug 13 19:58:56 PDT 2015","Fri Aug 14 03:58:56 PDT 2015","Thu Aug 13 20:30:27 PDT 2015","","","92","100% (7/7)","100% (7/7)","100% (7/7)","https://mikhailvoloshin.com/ALLSITES/dopaminenovel.com/api/full_text.php?dev=true#p=845&h=220","him about, stubby silver, faint, steadily, airtight"
"3X52SWXE0X53GQZTWVCFKP3VLGZCWH","3KYKM8PUWFBHVRG32VLVAYI8M6Z3HA","Trim superfluous words from a passage of text (WARNING: content may depict violence/profanity/drug use/adult situations)","Read a 1-page excerpt from a manuscript of a novel, and pick at least five words that can be removed without changing the passage's meaning.","writing, summary, text, wordcount","$0.25","Thu Aug 13 19:49:05 PDT 2015","1","BatchId:2056548;","3600","28800","Thu Aug 20 19:49:05 PDT 2015","","","39L1G8WVWQRPO9K0WGHVMF5RVKK13K","A2R2YZTSME1K3F","Approved","Thu Aug 13 19:59:01 PDT 2015","Thu Aug 13 20:47:59 PDT 2015","Fri Aug 14 04:47:59 PDT 2015","Thu Aug 13 20:51:48 PDT 2015","","","2938","100% (42/42)","100% (42/42)","100% (42/42)","https://mikhailvoloshin.com/ALLSITES/dopaminenovel.com/api/full_text.php?dev=true#p=887&h=220","at this, slowly, loudly, going on, of the car"
"3SU800BH86SUINK76DY9M67F4FPQU1","3KYKM8PUWFBHVRG32VLVAYI8M6Z3HA","Trim superfluous words from a passage of text (WARNING: content may depict violence/profanity/drug use/adult situations)","Read a 1-page excerpt from a manuscript of a novel, and pick at least five words that can be removed without changing the passage's meaning.","writing, summary, text, wordcount","$0.25","Thu Aug 13 19:49:05 PDT 2015","1","BatchId:2056548;","3600","28800","Thu Aug 20 19:49:05 PDT 2015","","","3H7XDTSHKCRJJMCROJD0YZKUV2YGW6","A47P5PR27PW3B","Approved","Thu Aug 13 20:01:10 PDT 2015","Thu Aug 13 20:55:42 PDT 2015","Fri Aug 14 04:55:42 PDT 2015","Fri Aug 14 03:38:28 PDT 2015","","","3272","100% (10/10)","100% (10/10)","100% (10/10)","https://mikhailvoloshin.com/ALLSITES/dopaminenovel.com/api/full_text.php?dev=true#p=929&h=220","reached into his pocket and"
"35F6NGNVM8J5CS03A9ZTHJ4IGBQT7F","3KYKM8PUWFBHVRG32VLVAYI8M6Z3HA","Trim superfluous words from a passage of text (WARNING: content may depict violence/profanity/drug use/adult situations)","Read a 1-page excerpt from a manuscript of a novel, and pick at least five words that can be removed without changing the passage's meaning.","writing, summary, text, wordcount","$0.25","Thu Aug 13 19:49:05 PDT 2015","1","BatchId:2056548;","3600","28800","Thu Aug 20 19:49:05 PDT 2015","","","32UTUBMZ7GWADG4BINGQBMAJ8G7BVD","A2R2YZTSME1K3F","Approved","Thu Aug 13 20:47:37 PDT 2015","Thu Aug 13 21:22:54 PDT 2015","Fri Aug 14 05:22:54 PDT 2015","Fri Aug 14 03:38:25 PDT 2015","","","2117","100% (42/42)","100% (42/42)","100% (42/42)","https://mikhailvoloshin.com/ALLSITES/dopaminenovel.com/api/full_text.php?dev=true#p=971&h=220","down the corridors, pressed, embedded, just, fluorescent, small, dim"
"3AFT28WXLF2MOKCRXJHREYO4VJKIOD","3KYKM8PUWFBHVRG32VLVAYI8M6Z3HA","Trim superfluous words from a passage of text (WARNING: content may depict violence/profanity/drug use/adult situations)","Read a 1-page excerpt from a manuscript of a novel, and pick at least five words that can be removed without changing the passage's meaning.","writing, summary, text, wordcount","$0.25","Thu Aug 13 19:49:05 PDT 2015","1","BatchId:2056548;","3600","28800","Thu Aug 20 19:49:05 PDT 2015","","","3ZSY5X72NXB233C3D8G2G9LFU9AORY","A2R2YZTSME1K3F","Approved","Thu Aug 13 19:58:33 PDT 2015","Thu Aug 13 20:15:06 PDT 2015","Fri Aug 14 04:15:06 PDT 2015","Thu Aug 13 20:30:28 PDT 2015","","","993","100% (42/42)","100% (42/42)","100% (42/42)","https://mikhailvoloshin.com/ALLSITES/dopaminenovel.com/api/full_text.php?dev=true#p=1013&h=220","""a little"", ""slightly"", ""around"", ""thundering"",  ""of affirmation"""
"3U74KRR67MLUFDSQQGGIDGQ8GQVNTK","3KYKM8PUWFBHVRG32VLVAYI8M6Z3HA","Trim superfluous words from a passage of text (WARNING: content may depict violence/profanity/drug use/adult situations)","Read a 1-page excerpt from a manuscript of a novel, and pick at least five words that can be removed without changing the passage's meaning.","writing, summary, text, wordcount","$0.25","Thu Aug 13 19:49:05 PDT 2015","1","BatchId:2056548;","3600","28800","Thu Aug 20 19:49:05 PDT 2015","","","3OCHAWUVGOK3A8D0OFU1YAQUBLMKX7","A47P5PR27PW3B","Approved","Thu Aug 13 20:05:54 PDT 2015","Thu Aug 13 21:02:42 PDT 2015","Fri Aug 14 05:02:42 PDT 2015","Fri Aug 14 03:38:28 PDT 2015","","","3408","100% (10/10)","100% (10/10)","100% (10/10)","https://mikhailvoloshin.com/ALLSITES/dopaminenovel.com/api/full_text.php?dev=true#p=1055&h=220","But he was too strong."
"3D4BBDG7ZHW6PSX5MB1DFSSYNN53C2","3KYKM8PUWFBHVRG32VLVAYI8M6Z3HA","Trim superfluous words from a passage of text (WARNING: content may depict violence/profanity/drug use/adult situations)","Read a 1-page excerpt from a manuscript of a novel, and pick at least five words that can be removed without changing the passage's meaning.","writing, summary, text, wordcount","$0.25","Thu Aug 13 19:49:05 PDT 2015","1","BatchId:2056548;","3600","28800","Thu Aug 20 19:49:05 PDT 2015","","","3NXNZ5RS1AXPEXOI25ZEE2ZQYYU976","A4T1X0PO5N1G9","Approved","Thu Aug 13 20:01:55 PDT 2015","Thu Aug 13 20:03:23 PDT 2015","Fri Aug 14 04:03:23 PDT 2015","Thu Aug 13 20:30:28 PDT 2015","","","88","100% (7/7)","100% (7/7)","100% (7/7)","https://mikhailvoloshin.com/ALLSITES/dopaminenovel.com/api/full_text.php?dev=true#p=1097&h=220","with nausea welling up in her throat, facility room"
"3N3WJQXELSQA7EVSVOG7Z1DTBIIL2O","3KYKM8PUWFBHVRG32VLVAYI8M6Z3HA","Trim superfluous words from a passage of text (WARNING: content may depict violence/profanity/drug use/adult situations)","Read a 1-page excerpt from a manuscript of a novel, and pick at least five words that can be removed without changing the passage's meaning.","writing, summary, text, wordcount","$0.25","Thu Aug 13 19:49:05 PDT 2015","1","BatchId:2056548;","3600","28800","Thu Aug 20 19:49:05 PDT 2015","","","3LOZAJ85YDD8TS9AZ9OXYE40ULZX2X","A4T1X0PO5N1G9","Approved","Thu Aug 13 20:04:42 PDT 2015","Thu Aug 13 20:06:02 PDT 2015","Fri Aug 14 04:06:02 PDT 2015","Thu Aug 13 20:30:29 PDT 2015","","","80","100% (7/7)","100% (7/7)","100% (7/7)","https://mikhailvoloshin.com/ALLSITES/dopaminenovel.com/api/full_text.php?dev=true#p=1139&h=220","pending physical altercation, the amplitude"
"3BO3NEOQM0HXMGIQN0C9D34Z62GAI6","3KYKM8PUWFBHVRG32VLVAYI8M6Z3HA","Trim superfluous words from a passage of text (WARNING: content may depict violence/profanity/drug use/adult situations)","Read a 1-page excerpt from a manuscript of a novel, and pick at least five words that can be removed without changing the passage's meaning.","writing, summary, text, wordcount","$0.25","Thu Aug 13 19:49:05 PDT 2015","1","BatchId:2056548;","3600","28800","Thu Aug 20 19:49:05 PDT 2015","","","3G2UL9A02DE2WEMK4YW2US8O8XN76U","A2R2YZTSME1K3F","Approved","Thu Aug 13 19:59:04 PDT 2015","Thu Aug 13 20:53:28 PDT 2015","Fri Aug 14 04:53:28 PDT 2015","Fri Aug 14 03:38:26 PDT 2015","","","3264","100% (42/42)","100% (42/42)","100% (42/42)","https://mikhailvoloshin.com/ALLSITES/dopaminenovel.com/api/full_text.php?dev=true#p=1181&h=220","shallow, off, lug, slowly (leaving only ""very slowly""), two, small"
"33NKDW9FFXII5Q4J6081M8H2UI5CXA","3KYKM8PUWFBHVRG32VLVAYI8M6Z3HA","Trim superfluous words from a passage of text (WARNING: content may depict violence/profanity/drug use/adult situations)","Read a 1-page excerpt from a manuscript of a novel, and pick at least five words that can be removed without changing the passage's meaning.","writing, summary, text, wordcount","$0.25","Thu Aug 13 19:49:05 PDT 2015","1","BatchId:2056548;","3600","28800","Thu Aug 20 19:49:05 PDT 2015","","","3H8DHMCCW9BPC28JXFTP43N2V39DKX","A4T1X0PO5N1G9","Approved","Thu Aug 13 19:55:14 PDT 2015","Thu Aug 13 19:57:23 PDT 2015","Fri Aug 14 03:57:23 PDT 2015","Thu Aug 13 20:30:27 PDT 2015","","","129","100% (7/7)","100% (7/7)","100% (7/7)","https://mikhailvoloshin.com/ALLSITES/dopaminenovel.com/api/full_text.php?dev=true#p=1223&h=220","fitful, primal, flinchingly, small silver, to his feet,  her computer, her purse, her paperwork"
"39O0SQZVJN7SWDNB6KUYH430SQT7RG","3KYKM8PUWFBHVRG32VLVAYI8M6Z3HA","Trim superfluous words from a passage of text (WARNING: content may depict violence/profanity/drug use/adult situations)","Read a 1-page excerpt from a manuscript of a novel, and pick at least five words that can be removed without changing the passage's meaning.","writing, summary, text, wordcount","$0.25","Thu Aug 13 19:49:05 PDT 2015","1","BatchId:2056548;","3600","28800","Thu Aug 20 19:49:05 PDT 2015","","","3R08VXYT7CV0QT1QVG96SM71WZG7WV","AMERD84D2MGKR","Approved","Thu Aug 13 20:05:24 PDT 2015","Thu Aug 13 20:44:12 PDT 2015","Fri Aug 14 04:44:12 PDT 2015","Thu Aug 13 20:51:47 PDT 2015","","","2328","100% (19/19)","100% (19/19)","100% (19/19)","https://mikhailvoloshin.com/ALLSITES/dopaminenovel.com/api/full_text.php?dev=true#p=1265&h=220","through the blown-out window 
[ blown, out ]

the Russians in relentless pursuit
[ relentless ]

The SUV fell into tense silence amid the rush of air through broken windows. 
[ rush of ]"
"36JW4WBR06KSMCOESYGGRSEB35EFHV","3KYKM8PUWFBHVRG32VLVAYI8M6Z3HA","Trim superfluous words from a passage of text (WARNING: content may depict violence/profanity/drug use/adult situations)","Read a 1-page excerpt from a manuscript of a novel, and pick at least five words that can be removed without changing the passage's meaning.","writing, summary, text, wordcount","$0.25","Thu Aug 13 19:49:05 PDT 2015","1","BatchId:2056548;","3600","28800","Thu Aug 20 19:49:05 PDT 2015","","","3U5JL4WY5K9IW6OX3N7LRT1YEZVX4T","A2R2YZTSME1K3F","Approved","Thu Aug 13 20:32:59 PDT 2015","Thu Aug 13 21:13:33 PDT 2015","Fri Aug 14 05:13:33 PDT 2015","Fri Aug 14 03:38:25 PDT 2015","","","2434","100% (42/42)","100% (42/42)","100% (42/42)","https://mikhailvoloshin.com/ALLSITES/dopaminenovel.com/api/full_text.php?dev=true#p=1307&h=220","that lives, through bellevue and, long straight, before them"
"3L55D8AUFAX75VUTBWU35MOBWOZCYG","3KYKM8PUWFBHVRG32VLVAYI8M6Z3HA","Trim superfluous words from a passage of text (WARNING: content may depict violence/profanity/drug use/adult situations)","Read a 1-page excerpt from a manuscript of a novel, and pick at least five words that can be removed without changing the passage's meaning.","writing, summary, text, wordcount","$0.25","Thu Aug 13 19:49:05 PDT 2015","1","BatchId:2056548;","3600","28800","Thu Aug 20 19:49:05 PDT 2015","","","3L70J4KAZGMJ0PZXLOG0APK6QRGADG","AMERD84D2MGKR","Approved","Thu Aug 13 20:05:37 PDT 2015","Thu Aug 13 20:56:28 PDT 2015","Fri Aug 14 04:56:28 PDT 2015","Fri Aug 14 03:38:26 PDT 2015","","","3051","100% (19/19)","100% (19/19)","100% (19/19)","https://mikhailvoloshin.com/ALLSITES/dopaminenovel.com/api/full_text.php?dev=true#p=1349&h=220","Still holding the ice pack in place with one hand, she squeezed his arm reassuringly with the other and said in a soft, kind tone, 
[ Still holding the ice pack in place with one hand ]"
"3L21G7IH47WNISKVVZ5JOQ5KSR8Y1C","3KYKM8PUWFBHVRG32VLVAYI8M6Z3HA","Trim superfluous words from a passage of text (WARNING: content may depict violence/profanity/drug use/adult situations)","Read a 1-page excerpt from a manuscript of a novel, and pick at least five words that can be removed without changing the passage's meaning.","writing, summary, text, wordcount","$0.25","Thu Aug 13 19:49:05 PDT 2015","1","BatchId:2056548;","3600","28800","Thu Aug 20 19:49:05 PDT 2015","","","33C7UALJVLYBP6Q68XCRDWD2B6C18C","A47P5PR27PW3B","Approved","Thu Aug 13 19:59:51 PDT 2015","Thu Aug 13 20:24:37 PDT 2015","Fri Aug 14 04:24:37 PDT 2015","Thu Aug 13 20:30:29 PDT 2015","","","1486","100% (10/10)","100% (10/10)","100% (10/10)","https://mikhailvoloshin.com/ALLSITES/dopaminenovel.com/api/full_text.php?dev=true#p=1391&h=220","some room for herself on"
"37MQ8Z1JQEWU7D2RE35XT9FPKXMY2T","3KYKM8PUWFBHVRG32VLVAYI8M6Z3HA","Trim superfluous words from a passage of text (WARNING: content may depict violence/profanity/drug use/adult situations)","Read a 1-page excerpt from a manuscript of a novel, and pick at least five words that can be removed without changing the passage's meaning.","writing, summary, text, wordcount","$0.25","Thu Aug 13 19:49:05 PDT 2015","1","BatchId:2056548;","3600","28800","Thu Aug 20 19:49:05 PDT 2015","","","3YGXWBAF70HUT8D2CRBYDGGODH84CZ","A2R2YZTSME1K3F","Approved","Thu Aug 13 19:58:55 PDT 2015","Thu Aug 13 20:40:18 PDT 2015","Fri Aug 14 04:40:18 PDT 2015","Thu Aug 13 20:51:47 PDT 2015","","","2483","100% (42/42)","100% (42/42)","100% (42/42)","https://mikhailvoloshin.com/ALLSITES/dopaminenovel.com/api/full_text.php?dev=true#p=1433&h=220","button-down, a corner of, for a change, now, and asked"
"39KV3A5D1874XSNOL9U37E8WESC7S4","3KYKM8PUWFBHVRG32VLVAYI8M6Z3HA","Trim superfluous words from a passage of text (WARNING: content may depict violence/profanity/drug use/adult situations)","Read a 1-page excerpt from a manuscript of a novel, and pick at least five words that can be removed without changing the passage's meaning.","writing, summary, text, wordcount","$0.25","Thu Aug 13 19:49:05 PDT 2015","1","BatchId:2056548;","3600","28800","Thu Aug 20 19:49:05 PDT 2015","","","3YOH7BII097B6J85O0TJAPT9VACVKD","A32DMGL69JN3IM","Approved","Thu Aug 13 19:54:28 PDT 2015","Thu Aug 13 19:59:13 PDT 2015","Fri Aug 14 03:59:13 PDT 2015","Thu Aug 13 20:30:28 PDT 2015","","","285","100% (1/1)","100% (1/1)","100% (1/1)","https://mikhailvoloshin.com/ALLSITES/dopaminenovel.com/api/full_text.php?dev=true#p=1475&h=220","Natalie hopped in place just a little bit. (remove squealed)

Natalie watched his face with sympathy. (remove sorrow)

until they joined in a long wail. (remove undulating) 

the sound was low, and horrible. (remove nasal)

He grabbed it off the shelf right there in the dairy section (remove nursed)"
"3HEADTGN2PSU73O7OIXENIJ3E80VRW","3KYKM8PUWFBHVRG32VLVAYI8M6Z3HA","Trim superfluous words from a passage of text (WARNING: content may depict violence/profanity/drug use/adult situations)","Read a 1-page excerpt from a manuscript of a novel, and pick at least five words that can be removed without changing the passage's meaning.","writing, summary, text, wordcount","$0.25","Thu Aug 13 19:49:05 PDT 2015","1","BatchId:2056548;","3600","28800","Thu Aug 20 19:49:05 PDT 2015","","","3LWJHTCVCCM8LPKA1Q8COP2W6MIFQ3","A2R2YZTSME1K3F","Approved","Thu Aug 13 20:04:48 PDT 2015","Thu Aug 13 20:06:02 PDT 2015","Fri Aug 14 04:06:02 PDT 2015","Thu Aug 13 20:30:29 PDT 2015","","","74","100% (42/42)","100% (42/42)","100% (42/42)","https://mikhailvoloshin.com/ALLSITES/dopaminenovel.com/api/full_text.php?dev=true#p=1517&h=220","""all"", ""like"", ""or something"", ""um"", ""slightly"""
"371DNNCG4429C65MKERZVJ0DRVWT82","3KYKM8PUWFBHVRG32VLVAYI8M6Z3HA","Trim superfluous words from a passage of text (WARNING: content may depict violence/profanity/drug use/adult situations)","Read a 1-page excerpt from a manuscript of a novel, and pick at least five words that can be removed without changing the passage's meaning.","writing, summary, text, wordcount","$0.25","Thu Aug 13 19:49:06 PDT 2015","1","BatchId:2056548;","3600","28800","Thu Aug 20 19:49:06 PDT 2015","","","30BXRYBRP4XXJI728PVIJZWVA2BWHL","A2R2YZTSME1K3F","Approved","Thu Aug 13 19:58:54 PDT 2015","Thu Aug 13 20:38:34 PDT 2015","Fri Aug 14 04:38:34 PDT 2015","Thu Aug 13 20:42:09 PDT 2015","","","2380","100% (42/42)","100% (42/42)","100% (42/42)","https://mikhailvoloshin.com/ALLSITES/dopaminenovel.com/api/full_text.php?dev=true#p=1559&h=220","that came, into place, the device, coy, guy, um"
"32PT7WK7DMFGUK3JM7WOZYAG8NH3D2","3KYKM8PUWFBHVRG32VLVAYI8M6Z3HA","Trim superfluous words from a passage of text (WARNING: content may depict violence/profanity/drug use/adult situations)","Read a 1-page excerpt from a manuscript of a novel, and pick at least five words that can be removed without changing the passage's meaning.","writing, summary, text, wordcount","$0.25","Thu Aug 13 19:49:06 PDT 2015","1","BatchId:2056548;","3600","28800","Thu Aug 20 19:49:06 PDT 2015","","","37KGEN7NJ3QZCQ8PFGPS0EQQ3WIPPO","A1WA3VMWGQJPYS","Approved","Thu Aug 13 20:08:16 PDT 2015","Thu Aug 13 20:12:32 PDT 2015","Fri Aug 14 04:12:32 PDT 2015","Thu Aug 13 20:30:26 PDT 2015","","","256","100% (5/5)","100% (5/5)","100% (5/5)","https://mikhailvoloshin.com/ALLSITES/dopaminenovel.com/api/full_text.php?dev=true#p=1601&h=220","translucent, Emergency and, then (from ""She then grabbed""), down (from ""set it down on an empty shelf""), unbent (both times)"
"3B286OTISEHTHR2W5IX9P4JZJH5AJI","3KYKM8PUWFBHVRG32VLVAYI8M6Z3HA","Trim superfluous words from a passage of text (WARNING: content may depict violence/profanity/drug use/adult situations)","Read a 1-page excerpt from a manuscript of a novel, and pick at least five words that can be removed without changing the passage's meaning.","writing, summary, text, wordcount","$0.25","Thu Aug 13 19:49:06 PDT 2015","1","BatchId:2056548;","3600","28800","Thu Aug 20 19:49:06 PDT 2015","","","3N2BF7Y2VQU1E6DO4NPVA1U4C0XMHK","A1WA3VMWGQJPYS","Approved","Thu Aug 13 19:59:40 PDT 2015","Thu Aug 13 20:04:27 PDT 2015","Fri Aug 14 04:04:27 PDT 2015","Thu Aug 13 20:30:28 PDT 2015","","","287","100% (5/5)","100% (5/5)","100% (5/5)","https://mikhailvoloshin.com/ALLSITES/dopaminenovel.com/api/full_text.php?dev=true#p=1643&h=220","really, all (from ""all different kinds""), random, it'll (from ""it'll compete""), small"
"3AJA9FLWSCYSI7ZYYGY1R4FQ3ITFIO","3KYKM8PUWFBHVRG32VLVAYI8M6Z3HA","Trim superfluous words from a passage of text (WARNING: content may depict violence/profanity/drug use/adult situations)","Read a 1-page excerpt from a manuscript of a novel, and pick at least five words that can be removed without changing the passage's meaning.","writing, summary, text, wordcount","$0.25","Thu Aug 13 19:49:06 PDT 2015","1","BatchId:2056548;","3600","28800","Thu Aug 20 19:49:06 PDT 2015","","","3SB4CE2TJVVXYV4ECOHC4WNY69RAXH","A2R2YZTSME1K3F","Approved","Thu Aug 13 19:59:03 PDT 2015","Thu Aug 13 20:50:30 PDT 2015","Fri Aug 14 04:50:30 PDT 2015","Fri Aug 14 03:38:26 PDT 2015","","","3087","100% (42/42)","100% (42/42)","100% (42/42)","https://mikhailvoloshin.com/ALLSITES/dopaminenovel.com/api/full_text.php?dev=true#p=1685&h=220","from her ear, out, her (from ""her eyes blank""), tensely, finally"
"3PIOQ99R7YM9FQ7FQL6SICCAZ42NUB","3KYKM8PUWFBHVRG32VLVAYI8M6Z3HA","Trim superfluous words from a passage of text (WARNING: content may depict violence/profanity/drug use/adult situations)","Read a 1-page excerpt from a manuscript of a novel, and pick at least five words that can be removed without changing the passage's meaning.","writing, summary, text, wordcount","$0.25","Thu Aug 13 19:49:06 PDT 2015","1","BatchId:2056548;","3600","28800","Thu Aug 20 19:49:06 PDT 2015","","","3C8HJ7UOP7UN5RDIA9V2A8Y98QEMZA","AMERD84D2MGKR","Approved","Thu Aug 13 20:05:46 PDT 2015","Thu Aug 13 21:02:20 PDT 2015","Fri Aug 14 05:02:20 PDT 2015","Fri Aug 14 03:38:27 PDT 2015","","","3394","100% (19/19)","100% (19/19)","100% (19/19)","https://mikhailvoloshin.com/ALLSITES/dopaminenovel.com/api/full_text.php?dev=true#p=1727&h=220","They have to watch their bottom line, just like anybody else. I didn’t get rich by playing the lottery; I got rich by understanding what people want. So let’s try and understand these guys, okay?
[ just, like, anybody, else, okay ]"
"34F34TZU7WZ4CO7SS34UJM017TD2J3","3KYKM8PUWFBHVRG32VLVAYI8M6Z3HA","Trim superfluous words from a passage of text (WARNING: content may depict violence/profanity/drug use/adult situations)","Read a 1-page excerpt from a manuscript of a novel, and pick at least five words that can be removed without changing the passage's meaning.","writing, summary, text, wordcount","$0.25","Thu Aug 13 19:49:06 PDT 2015","1","BatchId:2056548;","3600","28800","Thu Aug 20 19:49:06 PDT 2015","","","3QY5DC2MXRK0DIRRIZSHYQZL97NUFM","AMERD84D2MGKR","Approved","Thu Aug 13 20:05:47 PDT 2015","Thu Aug 13 21:03:28 PDT 2015","Fri Aug 14 05:03:28 PDT 2015","Fri Aug 14 03:38:25 PDT 2015","","","3461","100% (19/19)","100% (19/19)","100% (19/19)","https://mikhailvoloshin.com/ALLSITES/dopaminenovel.com/api/full_text.php?dev=true#p=1769&h=220","Because open relays are completely anonymous,” Mike answered, just barely managing a shrug. 
[ just, barely, managing, a, shrug ]"
"3AXFSPQOYQYODIJ4GYJ135UQGXIFJ0","3KYKM8PUWFBHVRG32VLVAYI8M6Z3HA","Trim superfluous words from a passage of text (WARNING: content may depict violence/profanity/drug use/adult situations)","Read a 1-page excerpt from a manuscript of a novel, and pick at least five words that can be removed without changing the passage's meaning.","writing, summary, text, wordcount","$0.25","Thu Aug 13 19:49:06 PDT 2015","1","BatchId:2056548;","3600","28800","Thu Aug 20 19:49:06 PDT 2015","","","3AMYWKA6YBM9HKEJLKD45EUJYM4O68","AL8NYDL4JOYL3","Approved","Thu Aug 13 22:02:22 PDT 2015","Thu Aug 13 22:11:23 PDT 2015","Fri Aug 14 06:11:23 PDT 2015","Fri Aug 14 03:38:26 PDT 2015","","","541","100% (1/1)","100% (1/1)","100% (1/1)","https://mikhailvoloshin.com/ALLSITES/dopaminenovel.com/api/full_text.php?dev=true#p=1811&h=220","any number of,deep in thought, recursive,distributed,swiftly"
"304QEQWKZPKBHPVBTTSL8UO89P40O1","3KYKM8PUWFBHVRG32VLVAYI8M6Z3HA","Trim superfluous words from a passage of text (WARNING: content may depict violence/profanity/drug use/adult situations)","Read a 1-page excerpt from a manuscript of a novel, and pick at least five words that can be removed without changing the passage's meaning.","writing, summary, text, wordcount","$0.25","Thu Aug 13 19:49:06 PDT 2015","1","BatchId:2056548;","3600","28800","Thu Aug 20 19:49:06 PDT 2015","","","3ZAZR5XV01IAW51RXK1O7CTXECAZC5","A2R2YZTSME1K3F","Approved","Thu Aug 13 19:58:39 PDT 2015","Thu Aug 13 20:24:08 PDT 2015","Fri Aug 14 04:24:08 PDT 2015","Thu Aug 13 20:30:52 PDT 2015","","","1529","100% (42/42)","100% (42/42)","100% (42/42)","https://mikhailvoloshin.com/ALLSITES/dopaminenovel.com/api/full_text.php?dev=true#p=1853&h=220","like, and keep the new, real, what do you mean, just, thanks god"
"33Q5P9PUSPM7AL4Y7IWMJTXD2I3CZ7","3KYKM8PUWFBHVRG32VLVAYI8M6Z3HA","Trim superfluous words from a passage of text (WARNING: content may depict violence/profanity/drug use/adult situations)","Read a 1-page excerpt from a manuscript of a novel, and pick at least five words that can be removed without changing the passage's meaning.","writing, summary, text, wordcount","$0.25","Thu Aug 13 19:49:06 PDT 2015","1","BatchId:2056548;","3600","28800","Thu Aug 20 19:49:06 PDT 2015","","","3QILPRALQ5VE3DXVDKAPA3Q5E7IN87","A2R2YZTSME1K3F","Approved","Thu Aug 13 20:28:06 PDT 2015","Thu Aug 13 21:08:58 PDT 2015","Fri Aug 14 05:08:58 PDT 2015","Fri Aug 14 03:38:24 PDT 2015","","","2452","100% (42/42)","100% (42/42)","100% (42/42)","https://mikhailvoloshin.com/ALLSITES/dopaminenovel.com/api/full_text.php?dev=true#p=1895&h=220","he said grimly, without missing a beat, steadily, small"
"39XCQ6V3KY4KNQB8Q3C38PY85XL653","3KYKM8PUWFBHVRG32VLVAYI8M6Z3HA","Trim superfluous words from a passage of text (WARNING: content may depict violence/profanity/drug use/adult situations)","Read a 1-page excerpt from a manuscript of a novel, and pick at least five words that can be removed without changing the passage's meaning.","writing, summary, text, wordcount","$0.25","Thu Aug 13 19:49:06 PDT 2015","1","BatchId:2056548;","3600","28800","Thu Aug 20 19:49:06 PDT 2015","","","3VJ40NV2QINFJIPVHXLXGOMXIU7OTB","A2R2YZTSME1K3F","Approved","Thu Aug 13 19:58:52 PDT 2015","Thu Aug 13 20:36:55 PDT 2015","Fri Aug 14 04:36:55 PDT 2015","Thu Aug 13 20:42:09 PDT 2015","","","2283","100% (42/42)","100% (42/42)","100% (42/42)","https://mikhailvoloshin.com/ALLSITES/dopaminenovel.com/api/full_text.php?dev=true#p=1937&h=220","to the far wall, space, gymnasium-style, overhanging, loudly"
"31GECDVA9JMG6UBMVMM80VC81SW66J","3KYKM8PUWFBHVRG32VLVAYI8M6Z3HA","Trim superfluous words from a passage of text (WARNING: content may depict violence/profanity/drug use/adult situations)","Read a 1-page excerpt from a manuscript of a novel, and pick at least five words that can be removed without changing the passage's meaning.","writing, summary, text, wordcount","$0.25","Thu Aug 13 19:49:06 PDT 2015","1","BatchId:2056548;","3600","28800","Thu Aug 20 19:49:06 PDT 2015","","","3QY7M81QH7M9VT7962Q34BD69S6K7B","A34DWBBWZRLO1X","Approved","Thu Aug 13 20:05:42 PDT 2015","Thu Aug 13 20:07:34 PDT 2015","Fri Aug 14 04:07:34 PDT 2015","Thu Aug 13 20:30:26 PDT 2015","","","112","100% (1/1)","100% (1/1)","100% (1/1)","https://mikhailvoloshin.com/ALLSITES/dopaminenovel.com/api/full_text.php?dev=true#p=1979&h=220","HERF then random and scrap"
"3XUSYT70IT1KDS4M3KE5X0C95BWD0G","3KYKM8PUWFBHVRG32VLVAYI8M6Z3HA","Trim superfluous words from a passage of text (WARNING: content may depict violence/profanity/drug use/adult situations)","Read a 1-page excerpt from a manuscript of a novel, and pick at least five words that can be removed without changing the passage's meaning.","writing, summary, text, wordcount","$0.25","Thu Aug 13 19:49:06 PDT 2015","1","BatchId:2056548;","3600","28800","Thu Aug 20 19:49:06 PDT 2015","","","3M68NM076H7CEX6ZDCU8Z9ZO99GR6C","A2R2YZTSME1K3F","Approved","Thu Aug 13 19:58:59 PDT 2015","Thu Aug 13 20:46:16 PDT 2015","Fri Aug 14 04:46:16 PDT 2015","Thu Aug 13 20:51:48 PDT 2015","","","2837","100% (42/42)","100% (42/42)","100% (42/42)","https://mikhailvoloshin.com/ALLSITES/dopaminenovel.com/api/full_text.php?dev=true#p=2021&h=220","slightly, hmm, somewhat, otherwise, a dozen or more"
"37SOB9Z0SSXZSWRBZOUCIBILHWIL3Z","3KYKM8PUWFBHVRG32VLVAYI8M6Z3HA","Trim superfluous words from a passage of text (WARNING: content may depict violence/profanity/drug use/adult situations)","Read a 1-page excerpt from a manuscript of a novel, and pick at least five words that can be removed without changing the passage's meaning.","writing, summary, text, wordcount","$0.25","Thu Aug 13 19:49:06 PDT 2015","1","BatchId:2056548;","3600","28800","Thu Aug 20 19:49:06 PDT 2015","","","3OWEPKL089CA3ZSC3FIJW3UA3NC7N4","A2R2YZTSME1K3F","Approved","Thu Aug 13 20:02:59 PDT 2015","Thu Aug 13 20:04:47 PDT 2015","Fri Aug 14 04:04:47 PDT 2015","Thu Aug 13 20:30:27 PDT 2015","","","108","100% (42/42)","100% (42/42)","100% (42/42)","https://mikhailvoloshin.com/ALLSITES/dopaminenovel.com/api/full_text.php?dev=true#p=2063&h=220","""no she answered"", ""fucking"", ""god"", ""thin and"", ""for a second"""
"32CXT5U14G3OCJKBKJH90FMFA948U9","3KYKM8PUWFBHVRG32VLVAYI8M6Z3HA","Trim superfluous words from a passage of text (WARNING: content may depict violence/profanity/drug use/adult situations)","Read a 1-page excerpt from a manuscript of a novel, and pick at least five words that can be removed without changing the passage's meaning.","writing, summary, text, wordcount","$0.25","Thu Aug 13 19:49:06 PDT 2015","1","BatchId:2056548;","3600","28800","Thu Aug 20 19:49:06 PDT 2015","","","3TPWUS5F89162AWMMXHH88ZFXA6WCC","A2R2YZTSME1K3F","Approved","Thu Aug 13 19:58:35 PDT 2015","Thu Aug 13 20:18:30 PDT 2015","Fri Aug 14 04:18:30 PDT 2015","Thu Aug 13 20:30:26 PDT 2015","","","1195","100% (42/42)","100% (42/42)","100% (42/42)","https://mikhailvoloshin.com/ALLSITES/dopaminenovel.com/api/full_text.php?dev=true#p=2105&h=220","""straight"", ""aquatic"", ""top of the"", ""uh"", ""okay"""
"35F6NGNVM8J5CS03A9ZTHJ4IGBQ7TT","3KYKM8PUWFBHVRG32VLVAYI8M6Z3HA","Trim superfluous words from a passage of text (WARNING: content may depict violence/profanity/drug use/adult situations)","Read a 1-page excerpt from a manuscript of a novel, and pick at least five words that can be removed without changing the passage's meaning.","writing, summary, text, wordcount","$0.25","Thu Aug 13 19:49:06 PDT 2015","1","BatchId:2056548;","3600","28800","Thu Aug 20 19:49:06 PDT 2015","","","30X31N5D63QP2EIFIEBP5O66RUQASA","A26RO8GGTQAXGG","Approved","Thu Aug 13 20:08:12 PDT 2015","Thu Aug 13 20:11:26 PDT 2015","Fri Aug 14 04:11:26 PDT 2015","Thu Aug 13 20:30:27 PDT 2015","","","194","100% (6/6)","100% (6/6)","100% (6/6)","https://mikhailvoloshin.com/ALLSITES/dopaminenovel.com/api/full_text.php?dev=true#p=2147&h=220","in an instant => instantly
Julie merely sat in the chair, looking up blissfully  => Julie merely sat blissfully in the chair. 
just"
"3O2Y2UIUCQUJO2PMYJJD4KU3VMIFKZ","3KYKM8PUWFBHVRG32VLVAYI8M6Z3HA","Trim superfluous words from a passage of text (WARNING: content may depict violence/profanity/drug use/adult situations)","Read a 1-page excerpt from a manuscript of a novel, and pick at least five words that can be removed without changing the passage's meaning.","writing, summary, text, wordcount","$0.25","Thu Aug 13 19:49:06 PDT 2015","1","BatchId:2056548;","3600","28800","Thu Aug 20 19:49:06 PDT 2015","","","3PJ71Z61R42B3B9GDPI5DS8DVCU919","A4T1X0PO5N1G9","Approved","Thu Aug 13 20:00:34 PDT 2015","Thu Aug 13 20:01:54 PDT 2015","Fri Aug 14 04:01:54 PDT 2015","Thu Aug 13 20:30:30 PDT 2015","","","80","100% (7/7)","100% (7/7)","100% (7/7)","https://mikhailvoloshin.com/ALLSITES/dopaminenovel.com/api/full_text.php?dev=true#p=2189&h=220","clear, with her bare hands, red, frothy yellowish-white"
"3KI0JD2ZU1IZAUPREWR069C4W3G67I","3KYKM8PUWFBHVRG32VLVAYI8M6Z3HA","Trim superfluous words from a passage of text (WARNING: content may depict violence/profanity/drug use/adult situations)","Read a 1-page excerpt from a manuscript of a novel, and pick at least five words that can be removed without changing the passage's meaning.","writing, summary, text, wordcount","$0.25","Thu Aug 13 19:49:06 PDT 2015","1","BatchId:2056548;","3600","28800","Thu Aug 20 19:49:06 PDT 2015","","","3TEM0PF1Q5XNZC1FTMJ7LJ8TH54D0S","AMERD84D2MGKR","Approved","Thu Aug 13 20:05:21 PDT 2015","Thu Aug 13 20:37:29 PDT 2015","Fri Aug 14 04:37:29 PDT 2015","Thu Aug 13 20:42:09 PDT 2015","","","1928","100% (19/19)","100% (19/19)","100% (19/19)","https://mikhailvoloshin.com/ALLSITES/dopaminenovel.com/api/full_text.php?dev=true#p=2231&h=220","filling the room with a soft ubiquitous hissing noise 
[ ubiquitous ]

He put a hand on the tabletop and grunted as he lifted his overweight middle-aged body back to standing height
[ as he lifted his overweight middle-aged body back to standing height -> as he lifted his body back up]"
"3SZYX62S5G03RQPD9DHVE3Y4084570","3KYKM8PUWFBHVRG32VLVAYI8M6Z3HA","Trim superfluous words from a passage of text (WARNING: content may depict violence/profanity/drug use/adult situations)","Read a 1-page excerpt from a manuscript of a novel, and pick at least five words that can be removed without changing the passage's meaning.","writing, summary, text, wordcount","$0.25","Thu Aug 13 19:49:06 PDT 2015","1","BatchId:2056548;","3600","28800","Thu Aug 20 19:49:06 PDT 2015","","","3VFJCI1K4ZZEBQV5PP3UB0CD3NJRGE","A2NJYJKQ5T2LAN","Approved","Thu Aug 13 20:01:22 PDT 2015","Thu Aug 13 20:03:04 PDT 2015","Fri Aug 14 04:03:04 PDT 2015","Thu Aug 13 20:30:30 PDT 2015","","","102","100% (1/1)","100% (1/1)","100% (1/1)","https://mikhailvoloshin.com/ALLSITES/dopaminenovel.com/api/full_text.php?dev=true#p=2273&h=220","in
quietly
I 
know 
cooling"
"3R868ACW4SCKRXK394S59KIS0AUZG3","3KYKM8PUWFBHVRG32VLVAYI8M6Z3HA","Trim superfluous words from a passage of text (WARNING: content may depict violence/profanity/drug use/adult situations)","Read a 1-page excerpt from a manuscript of a novel, and pick at least five words that can be removed without changing the passage's meaning.","writing, summary, text, wordcount","$0.25","Thu Aug 13 19:49:06 PDT 2015","1","BatchId:2056548;","3600","28800","Thu Aug 20 19:49:06 PDT 2015","","","378XPAWRUCD080FJD2HB1M0JIWOIAQ","AMERD84D2MGKR","Approved","Thu Aug 13 20:05:26 PDT 2015","Thu Aug 13 20:46:07 PDT 2015","Fri Aug 14 04:46:07 PDT 2015","Thu Aug 13 20:51:48 PDT 2015","","","2441","100% (19/19)","100% (19/19)","100% (19/19)","https://mikhailvoloshin.com/ALLSITES/dopaminenovel.com/api/full_text.php?dev=true#p=2315&h=220","He gestured out to the room — to the cocaine on the desk, to the spent shell casings and the bullet holes in the wall, to the horribly killed corpse in the factory below
[ spent shell casings and the ]"
"3M47JKRKCX13A8UAO1J6K98Z7NM685","3KYKM8PUWFBHVRG32VLVAYI8M6Z3HA","Trim superfluous words from a passage of text (WARNING: content may depict violence/profanity/drug use/adult situations)","Read a 1-page excerpt from a manuscript of a novel, and pick at least five words that can be removed without changing the passage's meaning.","writing, summary, text, wordcount","$0.25","Thu Aug 13 19:49:06 PDT 2015","1","BatchId:2056548;","3600","28800","Thu Aug 20 19:49:06 PDT 2015","","","373ERPL3YO8IGVHB9P21AJR2THTRTP","A2R2YZTSME1K3F","Approved","Thu Aug 13 20:39:15 PDT 2015","Thu Aug 13 21:16:50 PDT 2015","Fri Aug 14 05:16:50 PDT 2015","Fri Aug 14 03:38:27 PDT 2015","","","2255","100% (42/42)","100% (42/42)","100% (42/42)","https://mikhailvoloshin.com/ALLSITES/dopaminenovel.com/api/full_text.php?dev=true#p=2357&h=220","just, slowly, weakening, away, onto her back, throat, athletic"
"3IKMEYR0LWVZN8DAAO46K10EMID2K2","3KYKM8PUWFBHVRG32VLVAYI8M6Z3HA","Trim superfluous words from a passage of text (WARNING: content may depict violence/profanity/drug use/adult situations)","Read a 1-page excerpt from a manuscript of a novel, and pick at least five words that can be removed without changing the passage's meaning.","writing, summary, text, wordcount","$0.25","Thu Aug 13 19:49:06 PDT 2015","1","BatchId:2056548;","3600","28800","Thu Aug 20 19:49:06 PDT 2015","","","34BBWHLWHABXFDIME7D3JBXAAFTIW3","A2R2YZTSME1K3F","Approved","Thu Aug 13 20:43:57 PDT 2015","Thu Aug 13 21:18:38 PDT 2015","Fri Aug 14 05:18:38 PDT 2015","Fri Aug 14 03:38:26 PDT 2015","","","2081","100% (42/42)","100% (42/42)","100% (42/42)","https://mikhailvoloshin.com/ALLSITES/dopaminenovel.com/api/full_text.php?dev=true#p=2399&h=220","to pieces, from the top of the desk, right up, arm's, carefully"
"3P7RGTLO6EDOSB8EN3XLQJJCY65AKH","3KYKM8PUWFBHVRG32VLVAYI8M6Z3HA","Trim superfluous words from a passage of text (WARNING: content may depict violence/profanity/drug use/adult situations)","Read a 1-page excerpt from a manuscript of a novel, and pick at least five words that can be removed without changing the passage's meaning.","writing, summary, text, wordcount","$0.25","Thu Aug 13 19:49:07 PDT 2015","1","BatchId:2056548;","3600","28800","Thu Aug 20 19:49:07 PDT 2015","","","34Q075JO1XDT7HL3DTZCKH7KS8101P","A2R2YZTSME1K3F","Approved","Thu Aug 13 20:25:54 PDT 2015","Thu Aug 13 21:06:43 PDT 2015","Fri Aug 14 05:06:43 PDT 2015","Fri Aug 14 03:38:27 PDT 2015","","","2449","100% (42/42)","100% (42/42)","100% (42/42)","https://mikhailvoloshin.com/ALLSITES/dopaminenovel.com/api/full_text.php?dev=true#p=2441&h=220","glowing, loading, asphalt, him (from ""above him""), on his belly, parked"
"3WGCNLZJKF8KKHP4Z3I5B5VJA32D1J","3KYKM8PUWFBHVRG32VLVAYI8M6Z3HA","Trim superfluous words from a passage of text (WARNING: content may depict violence/profanity/drug use/adult situations)","Read a 1-page excerpt from a manuscript of a novel, and pick at least five words that can be removed without changing the passage's meaning.","writing, summary, text, wordcount","$0.25","Thu Aug 13 19:49:07 PDT 2015","1","BatchId:2056548;","3600","28800","Thu Aug 20 19:49:07 PDT 2015","","","3FDJT1UU748U8PTQI9B66RZAIMBK5W","AMERD84D2MGKR","Approved","Thu Aug 13 20:05:33 PDT 2015","Thu Aug 13 20:52:39 PDT 2015","Fri Aug 14 04:52:39 PDT 2015","Fri Aug 14 03:38:28 PDT 2015","","","2826","100% (19/19)","100% (19/19)","100% (19/19)","https://mikhailvoloshin.com/ALLSITES/dopaminenovel.com/api/full_text.php?dev=true#p=2483&h=220","When the creditors listed those writeoffs in their year-end tax filings, we treated that as ipso facto forgiveness of the debt, and cleared the balances from our ledgers.
[ in their year-end tax filings ]"
"3HA5ODM5KAS68IOK37XJDSOZ0AJVSK","3KYKM8PUWFBHVRG32VLVAYI8M6Z3HA","Trim superfluous words from a passage of text (WARNING: content may depict violence/profanity/drug use/adult situations)","Read a 1-page excerpt from a manuscript of a novel, and pick at least five words that can be removed without changing the passage's meaning.","writing, summary, text, wordcount","$0.25","Thu Aug 13 19:49:07 PDT 2015","1","BatchId:2056548;","3600","28800","Thu Aug 20 19:49:07 PDT 2015","","","3GA6AFUKOOO0SK5EY5KGE2LYC9GH3Z","A26RO8GGTQAXGG","Approved","Thu Aug 13 20:11:27 PDT 2015","Thu Aug 13 20:13:58 PDT 2015","Fri Aug 14 04:13:58 PDT 2015","Thu Aug 13 20:30:29 PDT 2015","","","151","100% (6/6)","100% (6/6)","100% (6/6)","https://mikhailvoloshin.com/ALLSITES/dopaminenovel.com/api/full_text.php?dev=true#p=2525&h=220","plugged the HERF gun into the wall => plugged in the HERF gun
cleanse himself of => clean off
very
face-first"
"3RBI0I35XE3JSVYAI3J2CJKHQBMY34","3KYKM8PUWFBHVRG32VLVAYI8M6Z3HA","Trim superfluous words from a passage of text (WARNING: content may depict violence/profanity/drug use/adult situations)","Read a 1-page excerpt from a manuscript of a novel, and pick at least five words that can be removed without changing the passage's meaning.","writing, summary, text, wordcount","$0.25","Thu Aug 13 19:49:07 PDT 2015","1","BatchId:2056548;","3600","28800","Thu Aug 20 19:49:07 PDT 2015","","","31T4R4OBOSGRCVVLEP95GS0Y4J67CU","A3L0I55SEJU1HJ","Approved","Thu Aug 13 22:03:56 PDT 2015","Thu Aug 13 22:14:50 PDT 2015","Fri Aug 14 06:14:50 PDT 2015","Fri Aug 14 03:38:27 PDT 2015","","","654","100% (1/1)","100% (1/1)","100% (1/1)","https://mikhailvoloshin.com/ALLSITES/dopaminenovel.com/api/full_text.php?dev=true#p=2567&h=220","The <white> <plastic> Rite Aid bags ... She pulled out a <white> latex glove ... Remember I scraped <out> a little bit of it ... <Then> with a roll of her shoulders ... He raised an eyebrow, Spock-like. ""What <kind of something>""?

The words in <> above are superfluous and can be removed."
"3SA4EMRVJV2T2P7C8T50XUTYJU00PI","3KYKM8PUWFBHVRG32VLVAYI8M6Z3HA","Trim superfluous words from a passage of text (WARNING: content may depict violence/profanity/drug use/adult situations)","Read a 1-page excerpt from a manuscript of a novel, and pick at least five words that can be removed without changing the passage's meaning.","writing, summary, text, wordcount","$0.25","Thu Aug 13 19:49:07 PDT 2015","1","BatchId:2056548;","3600","28800","Thu Aug 20 19:49:07 PDT 2015","","","3EF8EXOTT1V09NMPZ19I2MMGRH71JX","A2R2YZTSME1K3F","Approved","Thu Aug 13 20:55:06 PDT 2015","Thu Aug 13 21:34:34 PDT 2015","Fri Aug 14 05:34:34 PDT 2015","Fri Aug 14 03:38:27 PDT 2015","","","2368","100% (42/42)","100% (42/42)","100% (42/42)","https://mikhailvoloshin.com/ALLSITES/dopaminenovel.com/api/full_text.php?dev=true#p=2609&h=220","groggily, on his forearms, black-polished, soft, from (in ""escaped from beneath"")"
"38B7Q9C28G53ODDKTTPKK53ART469U","3KYKM8PUWFBHVRG32VLVAYI8M6Z3HA","Trim superfluous words from a passage of text (WARNING: content may depict violence/profanity/drug use/adult situations)","Read a 1-page excerpt from a manuscript of a novel, and pick at least five words that can be removed without changing the passage's meaning.","writing, summary, text, wordcount","$0.25","Thu Aug 13 19:49:07 PDT 2015","1","BatchId:2056548;","3600","28800","Thu Aug 20 19:49:07 PDT 2015","","","37TRT2X24QR1ML4H1Y278YZPDTXJBX","A2R2YZTSME1K3F","Approved","Thu Aug 13 19:58:43 PDT 2015","Thu Aug 13 20:27:42 PDT 2015","Fri Aug 14 04:27:42 PDT 2015","Thu Aug 13 20:30:52 PDT 2015","","","1739","100% (42/42)","100% (42/42)","100% (42/42)","https://mikhailvoloshin.com/ALLSITES/dopaminenovel.com/api/full_text.php?dev=true#p=2651&h=220","from his, in her fingers, in the space, briskly, translucent, barely"
"3N3WJQXELSQA7EVSVOG7Z1DTBII2L5","3KYKM8PUWFBHVRG32VLVAYI8M6Z3HA","Trim superfluous words from a passage of text (WARNING: content may depict violence/profanity/drug use/adult situations)","Read a 1-page excerpt from a manuscript of a novel, and pick at least five words that can be removed without changing the passage's meaning.","writing, summary, text, wordcount","$0.25","Thu Aug 13 19:49:07 PDT 2015","1","BatchId:2056548;","3600","28800","Thu Aug 20 19:49:07 PDT 2015","","","3TMSXRD2X60MF7MO60SXRCGOTDFW1M","A1WA3VMWGQJPYS","Approved","Thu Aug 13 19:55:06 PDT 2015","Thu Aug 13 19:59:28 PDT 2015","Fri Aug 14 03:59:28 PDT 2015","Thu Aug 13 20:30:29 PDT 2015","","","262","100% (5/5)","100% (5/5)","100% (5/5)","https://mikhailvoloshin.com/ALLSITES/dopaminenovel.com/api/full_text.php?dev=true#p=2693&h=220","tight, she asked, expansively, crescent, white"
"302U8RURJZ19S5WFVBGXEYETDBBNV0","3KYKM8PUWFBHVRG32VLVAYI8M6Z3HA","Trim superfluous words from a passage of text (WARNING: content may depict violence/profanity/drug use/adult situations)","Read a 1-page excerpt from a manuscript of a novel, and pick at least five words that can be removed without changing the passage's meaning.","writing, summary, text, wordcount","$0.25","Thu Aug 13 19:49:07 PDT 2015","1","BatchId:2056548;","3600","28800","Thu Aug 20 19:49:07 PDT 2015","","","3QAPZX2QN4D0W23ZWXZQP0HPKEF208","A2R2YZTSME1K3F","Approved","Thu Aug 13 19:59:10 PDT 2015","Thu Aug 13 20:58:38 PDT 2015","Fri Aug 14 04:58:38 PDT 2015","Fri Aug 14 03:38:23 PDT 2015","","","3568","100% (42/42)","100% (42/42)","100% (42/42)","https://mikhailvoloshin.com/ALLSITES/dopaminenovel.com/api/full_text.php?dev=true#p=2735&h=220","of her feet, just, rite aid, delighted, tan"
"3WKGUBL7SZMKASAFZ2ZVSGARVWEL4K","3KYKM8PUWFBHVRG32VLVAYI8M6Z3HA","Trim superfluous words from a passage of text (WARNING: content may depict violence/profanity/drug use/adult situations)","Read a 1-page excerpt from a manuscript of a novel, and pick at least five words that can be removed without changing the passage's meaning.","writing, summary, text, wordcount","$0.25","Thu Aug 13 19:49:07 PDT 2015","1","BatchId:2056548;","3600","28800","Thu Aug 20 19:49:07 PDT 2015","","","3OWEPKL089CA3ZSC3FIJW3UA3NG7N8","A2R2YZTSME1K3F","Approved","Thu Aug 13 21:02:10 PDT 2015","Thu Aug 13 21:39:55 PDT 2015","Fri Aug 14 05:39:55 PDT 2015","Fri Aug 14 03:38:28 PDT 2015","","","2265","100% (42/42)","100% (42/42)","100% (42/42)","https://mikhailvoloshin.com/ALLSITES/dopaminenovel.com/api/full_text.php?dev=true#p=2777&h=220","most of, alone, of the (from ""several of the cameras""), large, black"
"3DW3BNF1GHIOPY9BP9REW1OYOGD8VY","3KYKM8PUWFBHVRG32VLVAYI8M6Z3HA","Trim superfluous words from a passage of text (WARNING: content may depict violence/profanity/drug use/adult situations)","Read a 1-page excerpt from a manuscript of a novel, and pick at least five words that can be removed without changing the passage's meaning.","writing, summary, text, wordcount","$0.25","Thu Aug 13 19:49:07 PDT 2015","1","BatchId:2056548;","3600","28800","Thu Aug 20 19:49:07 PDT 2015","","","345LHZDEDXS5X6BYY4RFXHAO6HIU3D","A47P5PR27PW3B","Approved","Thu Aug 13 20:00:55 PDT 2015","Thu Aug 13 20:49:31 PDT 2015","Fri Aug 14 04:49:31 PDT 2015","Thu Aug 13 20:51:48 PDT 2015","","","2916","100% (10/10)","100% (10/10)","100% (10/10)","https://mikhailvoloshin.com/ALLSITES/dopaminenovel.com/api/full_text.php?dev=true#p=2819&h=220","Only things with a microchip."
"33EEIIWHK77UV297B38EIS9YIMYQVQ","3KYKM8PUWFBHVRG32VLVAYI8M6Z3HA","Trim superfluous words from a passage of text (WARNING: content may depict violence/profanity/drug use/adult situations)","Read a 1-page excerpt from a manuscript of a novel, and pick at least five words that can be removed without changing the passage's meaning.","writing, summary, text, wordcount","$0.25","Thu Aug 13 19:49:07 PDT 2015","1","BatchId:2056548;","3600","28800","Thu Aug 20 19:49:07 PDT 2015","","","3HQUKB7LNFEFMSCDDQ9IIWM8VEYHH6","A26RO8GGTQAXGG","Approved","Thu Aug 13 20:06:46 PDT 2015","Thu Aug 13 20:08:10 PDT 2015","Fri Aug 14 04:08:10 PDT 2015","Thu Aug 13 20:30:26 PDT 2015","","","84","100% (6/6)","100% (6/6)","100% (6/6)","https://mikhailvoloshin.com/ALLSITES/dopaminenovel.com/api/full_text.php?dev=true#p=2861&h=220","I'm afraid
, depending on whom one asked,"
"3I01FDIL6M8R9270I7IJGO5O29GD20","3KYKM8PUWFBHVRG32VLVAYI8M6Z3HA","Trim superfluous words from a passage of text (WARNING: content may depict violence/profanity/drug use/adult situations)","Read a 1-page excerpt from a manuscript of a novel, and pick at least five words that can be removed without changing the passage's meaning.","writing, summary, text, wordcount","$0.25","Thu Aug 13 19:49:07 PDT 2015","1","BatchId:2056548;","3600","28800","Thu Aug 20 19:49:07 PDT 2015","","","35DR22AR5DKXEA5T3922HO9S0ZZX38","AMERD84D2MGKR","Approved","Thu Aug 13 20:04:51 PDT 2015","Thu Aug 13 20:08:08 PDT 2015","Fri Aug 14 04:08:08 PDT 2015","Thu Aug 13 20:30:29 PDT 2015","","","197","100% (19/19)","100% (19/19)","100% (19/19)","https://mikhailvoloshin.com/ALLSITES/dopaminenovel.com/api/full_text.php?dev=true#p=2903&h=220","withdrew the small smiley-faced vial of crusty pale brown goo
[ smiley-faced ]

and took the vial up in his papery liver-spotted fingers
[ papery liver-spotted ]"
"32L724R85LK49KOSCJU63YTU5OGIPU","3KYKM8PUWFBHVRG32VLVAYI8M6Z3HA","Trim superfluous words from a passage of text (WARNING: content may depict violence/profanity/drug use/adult situations)","Read a 1-page excerpt from a manuscript of a novel, and pick at least five words that can be removed without changing the passage's meaning.","writing, summary, text, wordcount","$0.25","Thu Aug 13 19:49:07 PDT 2015","1","BatchId:2056548;","3600","28800","Thu Aug 20 19:49:07 PDT 2015","","","3E47SOBEYQWO1FCHXGD27HQ7IZ9ICS","A2R2YZTSME1K3F","Approved","Thu Aug 13 21:05:27 PDT 2015","Thu Aug 13 21:41:44 PDT 2015","Fri Aug 14 05:41:44 PDT 2015","Fri Aug 14 03:38:24 PDT 2015","","","2177","100% (42/42)","100% (42/42)","100% (42/42)","https://mikhailvoloshin.com/ALLSITES/dopaminenovel.com/api/full_text.php?dev=true#p=2945&h=220","round, of his shirt, wicker, roughly, already (from ""many had already been""), large, thin"
"3YO4AH2FPDKE218R86KPXZJ8OQM0Q9","3KYKM8PUWFBHVRG32VLVAYI8M6Z3HA","Trim superfluous words from a passage of text (WARNING: content may depict violence/profanity/drug use/adult situations)","Read a 1-page excerpt from a manuscript of a novel, and pick at least five words that can be removed without changing the passage's meaning.","writing, summary, text, wordcount","$0.25","Thu Aug 13 19:49:07 PDT 2015","1","BatchId:2056548;","3600","28800","Thu Aug 20 19:49:07 PDT 2015","","","3AWETUDC92S198NRPUXAIFRSRHUIZQ","A2R2YZTSME1K3F","Approved","Thu Aug 13 19:55:35 PDT 2015","Thu Aug 13 19:57:50 PDT 2015","Fri Aug 14 03:57:50 PDT 2015","Thu Aug 13 20:30:31 PDT 2015","","","135","100% (42/42)","100% (42/42)","100% (42/42)","https://mikhailvoloshin.com/ALLSITES/dopaminenovel.com/api/full_text.php?dev=true#p=2987&h=220","""and all"", ""you know...the"" (remove those five)"
"3QQUBC64ZEE1WU1AVQHF2JBETMJNX3","3KYKM8PUWFBHVRG32VLVAYI8M6Z3HA","Trim superfluous words from a passage of text (WARNING: content may depict violence/profanity/drug use/adult situations)","Read a 1-page excerpt from a manuscript of a novel, and pick at least five words that can be removed without changing the passage's meaning.","writing, summary, text, wordcount","$0.25","Thu Aug 13 19:49:07 PDT 2015","1","BatchId:2056548;","3600","28800","Thu Aug 20 19:49:07 PDT 2015","","","3HMIGG0U4L68FC19KMJ0RJOCIRKY86","A2R2YZTSME1K3F","Approved","Thu Aug 13 19:58:41 PDT 2015","Thu Aug 13 20:26:00 PDT 2015","Fri Aug 14 04:26:00 PDT 2015","Thu Aug 13 20:30:52 PDT 2015","","","1639","100% (42/42)","100% (42/42)","100% (42/42)","https://mikhailvoloshin.com/ALLSITES/dopaminenovel.com/api/full_text.php?dev=true#p=3029&h=220","nearest, there, honking, meaty, from around, it is, to himself"
"3K8CQCU3KE1M7UWKLLLT00X7KKDNWA","3KYKM8PUWFBHVRG32VLVAYI8M6Z3HA","Trim superfluous words from a passage of text (WARNING: content may depict violence/profanity/drug use/adult situations)","Read a 1-page excerpt from a manuscript of a novel, and pick at least five words that can be removed without changing the passage's meaning.","writing, summary, text, wordcount","$0.25","Thu Aug 13 19:49:07 PDT 2015","1","BatchId:2056548;","3600","28800","Thu Aug 20 19:49:07 PDT 2015","","","37UQDCYH6XVNB41L564A6KONPQE7VL","AMERD84D2MGKR","Approved","Thu Aug 13 20:05:22 PDT 2015","Thu Aug 13 20:40:28 PDT 2015","Fri Aug 14 04:40:28 PDT 2015","Thu Aug 13 20:51:48 PDT 2015","","","2106","100% (19/19)","100% (19/19)","100% (19/19)","https://mikhailvoloshin.com/ALLSITES/dopaminenovel.com/api/full_text.php?dev=true#p=3071&h=220","The screen showed a high-resolution slide show of large cedarwood rooms with floor-to-ceiling windows, an elegant steak-and-seafood restaurant, and glorious panoramic views of mountains and evergreen forests.
[ elegant, panoramic ]

He grabbed Danny by the arm and began pulling him out of his chair.
[out of his chair]"
"38Z7YZ2SB32P9WP7CW9V33J4AK2IQL","3KYKM8PUWFBHVRG32VLVAYI8M6Z3HA","Trim superfluous words from a passage of text (WARNING: content may depict violence/profanity/drug use/adult situations)","Read a 1-page excerpt from a manuscript of a novel, and pick at least five words that can be removed without changing the passage's meaning.","writing, summary, text, wordcount","$0.25","Thu Aug 13 19:49:08 PDT 2015","1","BatchId:2056548;","3600","28800","Thu Aug 20 19:49:08 PDT 2015","","","3OF2M9AATGOSF3DFPXIMVV65JLJZKI","A47P5PR27PW3B","Approved","Thu Aug 13 20:00:16 PDT 2015","Thu Aug 13 20:39:28 PDT 2015","Fri Aug 14 04:39:28 PDT 2015","Thu Aug 13 20:51:47 PDT 2015","","","2352","100% (10/10)","100% (10/10)","100% (10/10)","https://mikhailvoloshin.com/ALLSITES/dopaminenovel.com/api/full_text.php?dev=true#p=3113&h=220","took a deep breath and"
"3X2LT8FDHWI14N9GFJWAI37CVPF8W8","3KYKM8PUWFBHVRG32VLVAYI8M6Z3HA","Trim superfluous words from a passage of text (WARNING: content may depict violence/profanity/drug use/adult situations)","Read a 1-page excerpt from a manuscript of a novel, and pick at least five words that can be removed without changing the passage's meaning.","writing, summary, text, wordcount","$0.25","Thu Aug 13 19:49:08 PDT 2015","1","BatchId:2056548;","3600","28800","Thu Aug 20 19:49:08 PDT 2015","","","37WLF8U1WPQQRTT4NSLBYXDAEHMK6C","AMERD84D2MGKR","Approved","Thu Aug 13 20:05:35 PDT 2015","Thu Aug 13 20:55:29 PDT 2015","Fri Aug 14 04:55:29 PDT 2015","Fri Aug 14 03:38:29 PDT 2015","","","2994","100% (19/19)","100% (19/19)","100% (19/19)","https://mikhailvoloshin.com/ALLSITES/dopaminenovel.com/api/full_text.php?dev=true#p=3155&h=220","we may be able to shove a metaphorical crowbar into it and use it to crawl inside and take over the entire system -> we may be able to take over the entire system"
"3N7PQ0KLI5PLMQHJI2785GS18ZI3EV","3KYKM8PUWFBHVRG32VLVAYI8M6Z3HA","Trim superfluous words from a passage of text (WARNING: content may depict violence/profanity/drug use/adult situations)","Read a 1-page excerpt from a manuscript of a novel, and pick at least five words that can be removed without changing the passage's meaning.","writing, summary, text, wordcount","$0.25","Thu Aug 13 19:49:08 PDT 2015","1","BatchId:2056548;","3600","28800","Thu Aug 20 19:49:08 PDT 2015","","","3F0BG9B9MPN4FYWQAHRUDJSH77G7YU","AMERD84D2MGKR","Approved","Thu Aug 13 20:05:31 PDT 2015","Thu Aug 13 20:51:22 PDT 2015","Fri Aug 14 04:51:22 PDT 2015","Fri Aug 14 03:38:27 PDT 2015","","","2751","100% (19/19)","100% (19/19)","100% (19/19)","https://mikhailvoloshin.com/ALLSITES/dopaminenovel.com/api/full_text.php?dev=true#p=3197&h=220","Danny smiled at the Indian man warmly 
[at the Indian man]

After a long, tense, inscrutable pause
[ inscrutable ]"
"3T8DUCXY0N69QBOWP6XDVFVOB1ET9R","3KYKM8PUWFBHVRG32VLVAYI8M6Z3HA","Trim superfluous words from a passage of text (WARNING: content may depict violence/profanity/drug use/adult situations)","Read a 1-page excerpt from a manuscript of a novel, and pick at least five words that can be removed without changing the passage's meaning.","writing, summary, text, wordcount","$0.25","Thu Aug 13 19:49:08 PDT 2015","1","BatchId:2056548;","3600","28800","Thu Aug 20 19:49:08 PDT 2015","","","3ZR9AIQJUB9AZGIM0BIEIFEN4SB042","AMERD84D2MGKR","Approved","Thu Aug 13 20:05:42 PDT 2015","Thu Aug 13 20:59:01 PDT 2015","Fri Aug 14 04:59:01 PDT 2015","Fri Aug 14 03:38:28 PDT 2015","","","3199","100% (19/19)","100% (19/19)","100% (19/19)","https://mikhailvoloshin.com/ALLSITES/dopaminenovel.com/api/full_text.php?dev=true#p=3239&h=220","He shook his head vigorously, made dismissive gestures with his hands, and emitted a few unfavorable grunts.
[ vigorously, with, his, hands, unfavorable ]"
"388FBO7JZRTQWZRK0M3HLXINVSDNY9","3KYKM8PUWFBHVRG32VLVAYI8M6Z3HA","Trim superfluous words from a passage of text (WARNING: content may depict violence/profanity/drug use/adult situations)","Read a 1-page excerpt from a manuscript of a novel, and pick at least five words that can be removed without changing the passage's meaning.","writing, summary, text, wordcount","$0.25","Thu Aug 13 19:49:08 PDT 2015","1","BatchId:2056548;","3600","28800","Thu Aug 20 19:49:08 PDT 2015","","","37M28K1J0QDW3BZPVK2BDNFJVBCAJT","ALGF1OT6QF05Q","Approved","Thu Aug 13 19:54:59 PDT 2015","Thu Aug 13 20:05:33 PDT 2015","Fri Aug 14 04:05:33 PDT 2015","Thu Aug 13 20:30:27 PDT 2015","","","634","100% (2/2)","100% (2/2)","100% (2/2)","https://mikhailvoloshin.com/ALLSITES/dopaminenovel.com/api/full_text.php?dev=true#p=3281&h=220","sunken, simple, special, counterintuitive,  growling,"
"3NKW03WTLM77AR9C1DDA4USCPV0QW0","3KYKM8PUWFBHVRG32VLVAYI8M6Z3HA","Trim superfluous words from a passage of text (WARNING: content may depict violence/profanity/drug use/adult situations)","Read a 1-page excerpt from a manuscript of a novel, and pick at least five words that can be removed without changing the passage's meaning.","writing, summary, text, wordcount","$0.25","Thu Aug 13 19:49:08 PDT 2015","1","BatchId:2056548;","3600","28800","Thu Aug 20 19:49:08 PDT 2015","","","3MTMREQS4VII9VZO2JLQ2D9RX7LAWO","A2R2YZTSME1K3F","Approved","Thu Aug 13 19:58:31 PDT 2015","Thu Aug 13 20:11:40 PDT 2015","Fri Aug 14 04:11:40 PDT 2015","Thu Aug 13 20:30:30 PDT 2015","","","789","100% (42/42)","100% (42/42)","100% (42/42)","https://mikhailvoloshin.com/ALLSITES/dopaminenovel.com/api/full_text.php?dev=true#p=3323&h=220","""carelessly"", ""does it?"", ""vest"", ""three-piece"", ""hoarsely"", ""dry"""
"32PT7WK7DMFGUK3JM7WOZYAG8NGD3B","3KYKM8PUWFBHVRG32VLVAYI8M6Z3HA","Trim superfluous words from a passage of text (WARNING: content may depict violence/profanity/drug use/adult situations)","Read a 1-page excerpt from a manuscript of a novel, and pick at least five words that can be removed without changing the passage's meaning.","writing, summary, text, wordcount","$0.25","Thu Aug 13 19:49:08 PDT 2015","1","BatchId:2056548;","3600","28800","Thu Aug 20 19:49:08 PDT 2015","","","3G2UL9A02DE2WEMK4YW2US8O8XM67S","A2R2YZTSME1K3F","Approved","Thu Aug 13 20:55:42 PDT 2015","Thu Aug 13 21:37:09 PDT 2015","Fri Aug 14 05:37:09 PDT 2015","Fri Aug 14 03:38:24 PDT 2015","","","2487","100% (42/42)","100% (42/42)","100% (42/42)","https://mikhailvoloshin.com/ALLSITES/dopaminenovel.com/api/full_text.php?dev=true#p=3365&h=220","gingerly, vigorously, ahead, the body of, deck"
"3RHLQY6EDT41CGMNML17932MMNCD4W","3KYKM8PUWFBHVRG32VLVAYI8M6Z3HA","Trim superfluous words from a passage of text (WARNING: content may depict violence/profanity/drug use/adult situations)","Read a 1-page excerpt from a manuscript of a novel, and pick at least five words that can be removed without changing the passage's meaning.","writing, summary, text, wordcount","$0.25","Thu Aug 13 19:49:08 PDT 2015","1","BatchId:2056548;","3600","28800","Thu Aug 20 19:49:08 PDT 2015","","","3Z4AIRP3C6D147REG5OJTVUV2FM1XL","A2R2YZTSME1K3F","Approved","Thu Aug 13 19:58:47 PDT 2015","Thu Aug 13 20:32:55 PDT 2015","Fri Aug 14 04:32:55 PDT 2015","Thu Aug 13 20:42:09 PDT 2015","","","2048","100% (42/42)","100% (42/42)","100% (42/42)","https://mikhailvoloshin.com/ALLSITES/dopaminenovel.com/api/full_text.php?dev=true#p=3407&h=220","well see, what this means is that"
"3J94SKDEKIPJ8ZQN0QKHEV80MJ7D51","3KYKM8PUWFBHVRG32VLVAYI8M6Z3HA","Trim superfluous words from a passage of text (WARNING: content may depict violence/profanity/drug use/adult situations)","Read a 1-page excerpt from a manuscript of a novel, and pick at least five words that can be removed without changing the passage's meaning.","writing, summary, text, wordcount","$0.25","Thu Aug 13 19:49:08 PDT 2015","1","BatchId:2056548;","3600","28800","Thu Aug 20 19:49:08 PDT 2015","","","3X31TUMD7XM64DAP2MLVI1Z8V6CL1J","A2O31IKB0RQXPE","Approved","Thu Aug 13 20:06:54 PDT 2015","Thu Aug 13 20:08:36 PDT 2015","Fri Aug 14 04:08:36 PDT 2015","Thu Aug 13 20:30:29 PDT 2015","","","102","100% (1/1)","100% (1/1)","100% (1/1)","https://mikhailvoloshin.com/ALLSITES/dopaminenovel.com/api/full_text.php?dev=true#p=3449&h=220","intermittent.
all the 
properly
very
possile"
"3QTFNPMJC6IQ1P1PW850Z4RP1MHNZ0","3KYKM8PUWFBHVRG32VLVAYI8M6Z3HA","Trim superfluous words from a passage of text (WARNING: content may depict violence/profanity/drug use/adult situations)","Read a 1-page excerpt from a manuscript of a novel, and pick at least five words that can be removed without changing the passage's meaning.","writing, summary, text, wordcount","$0.25","Thu Aug 13 19:49:08 PDT 2015","1","BatchId:2056548;","3600","28800","Thu Aug 20 19:49:08 PDT 2015","","","3U84XHCDICD711OC45V6OEH9MZU4ZY","A2R2YZTSME1K3F","Approved","Thu Aug 13 20:25:50 PDT 2015","Thu Aug 13 21:04:32 PDT 2015","Fri Aug 14 05:04:32 PDT 2015","Fri Aug 14 03:38:27 PDT 2015","","","2322","100% (42/42)","100% (42/42)","100% (42/42)","https://mikhailvoloshin.com/ALLSITES/dopaminenovel.com/api/full_text.php?dev=true#p=3491&h=220","to one another, toward danny, that kind of thing"
"3UQ1LLR26A8ZCHQW839M5JWRN6AALK","3KYKM8PUWFBHVRG32VLVAYI8M6Z3HA","Trim superfluous words from a passage of text (WARNING: content may depict violence/profanity/drug use/adult situations)","Read a 1-page excerpt from a manuscript of a novel, and pick at least five words that can be removed without changing the passage's meaning.","writing, summary, text, wordcount","$0.25","Thu Aug 13 19:49:08 PDT 2015","1","BatchId:2056548;","3600","28800","Thu Aug 20 19:49:08 PDT 2015","","","36W0OB37HWE1DDC7JCFPI3QDR4FZHE","A4T1X0PO5N1G9","Approved","Thu Aug 13 19:58:57 PDT 2015","Thu Aug 13 20:00:33 PDT 2015","Fri Aug 14 04:00:33 PDT 2015","Thu Aug 13 20:30:30 PDT 2015","","","96","100% (7/7)","100% (7/7)","100% (7/7)","https://mikhailvoloshin.com/ALLSITES/dopaminenovel.com/api/full_text.php?dev=true#p=3533&h=220","with cords of nylon rope, Every last one of them, with their eyes"
"33K3E8REWWVGTNE6POSWKMLJ4RL8X1","3KYKM8PUWFBHVRG32VLVAYI8M6Z3HA","Trim superfluous words from a passage of text (WARNING: content may depict violence/profanity/drug use/adult situations)","Read a 1-page excerpt from a manuscript of a novel, and pick at least five words that can be removed without changing the passage's meaning.","writing, summary, text, wordcount","$0.25","Thu Aug 13 19:49:08 PDT 2015","1","BatchId:2056548;","3600","28800","Thu Aug 20 19:49:08 PDT 2015","","","382M9COHEHF874RVNO8BG8ELX68UE4","ALGF1OT6QF05Q","Approved","Thu Aug 13 20:06:00 PDT 2015","Thu Aug 13 20:11:50 PDT 2015","Fri Aug 14 04:11:50 PDT 2015","Thu Aug 13 20:30:26 PDT 2015","","","350","100% (2/2)","100% (2/2)","100% (2/2)","https://mikhailvoloshin.com/ALLSITES/dopaminenovel.com/api/full_text.php?dev=true#p=3575&h=220","cigarette, right, briskly, naked, maybe"
"304QEQWKZPKBHPVBTTSL8UO89P3O0O","3KYKM8PUWFBHVRG32VLVAYI8M6Z3HA","Trim superfluous words from a passage of text (WARNING: content may depict violence/profanity/drug use/adult situations)","Read a 1-page excerpt from a manuscript of a novel, and pick at least five words that can be removed without changing the passage's meaning.","writing, summary, text, wordcount","$0.25","Thu Aug 13 19:49:08 PDT 2015","1","BatchId:2056548;","3600","28800","Thu Aug 20 19:49:08 PDT 2015","","","3HPZF4IVNMTARFRM1YZ5T5KV8I5YCC","A2R2YZTSME1K3F","Approved","Thu Aug 13 19:59:08 PDT 2015","Thu Aug 13 20:57:11 PDT 2015","Fri Aug 14 04:57:11 PDT 2015","Fri Aug 14 03:38:23 PDT 2015","","","3483","100% (42/42)","100% (42/42)","100% (42/42)","https://mikhailvoloshin.com/ALLSITES/dopaminenovel.com/api/full_text.php?dev=true#p=3617&h=220","simply, from the outside, on the line, to look at it"
"3AC6MFV69KIYRTFETAANUKUTFA7ZH2","3KYKM8PUWFBHVRG32VLVAYI8M6Z3HA","Trim superfluous words from a passage of text (WARNING: content may depict violence/profanity/drug use/adult situations)","Read a 1-page excerpt from a manuscript of a novel, and pick at least five words that can be removed without changing the passage's meaning.","writing, summary, text, wordcount","$0.25","Thu Aug 13 19:49:08 PDT 2015","1","BatchId:2056548;","3600","28800","Thu Aug 20 19:49:08 PDT 2015","","","351SEKWQS0HK2Q8MIR65JGF6K84MDB","A2R2YZTSME1K3F","Approved","Thu Aug 13 19:59:06 PDT 2015","Thu Aug 13 20:55:39 PDT 2015","Fri Aug 14 04:55:39 PDT 2015","Fri Aug 14 03:38:26 PDT 2015","","","3393","100% (42/42)","100% (42/42)","100% (42/42)","https://mikhailvoloshin.com/ALLSITES/dopaminenovel.com/api/full_text.php?dev=true#p=3659&h=220","looking, to conceal its contents, merely, at hand, gray"
"3D06DR5225JJIZ8H8FA15WBGNB0AMM","3KYKM8PUWFBHVRG32VLVAYI8M6Z3HA","Trim superfluous words from a passage of text (WARNING: content may depict violence/profanity/drug use/adult situations)","Read a 1-page excerpt from a manuscript of a novel, and pick at least five words that can be removed without changing the passage's meaning.","writing, summary, text, wordcount","$0.25","Thu Aug 13 19:49:08 PDT 2015","1","BatchId:2056548;","3600","28800","Thu Aug 20 19:49:08 PDT 2015","","","30OG32W0SUBVCE7MQNWP2DMRPAFENW","AMERD84D2MGKR","Approved","Thu Aug 13 20:05:27 PDT 2015","Thu Aug 13 20:48:02 PDT 2015","Fri Aug 14 04:48:02 PDT 2015","Thu Aug 13 20:51:47 PDT 2015","","","2555","100% (19/19)","100% (19/19)","100% (19/19)","https://mikhailvoloshin.com/ALLSITES/dopaminenovel.com/api/full_text.php?dev=true#p=3701&h=220","Ivan barked harsh words back at them
[ harsh ]

And though the side of his face felt warm and sticky with a trickle of blood
[ felt warm and sticky with a trickle of blood -> felt warm with blood ]"
"308KJXFUJR6NVUY1HCBDRA68HJWTA6","3KYKM8PUWFBHVRG32VLVAYI8M6Z3HA","Trim superfluous words from a passage of text (WARNING: content may depict violence/profanity/drug use/adult situations)","Read a 1-page excerpt from a manuscript of a novel, and pick at least five words that can be removed without changing the passage's meaning.","writing, summary, text, wordcount","$0.25","Thu Aug 13 19:49:08 PDT 2015","1","BatchId:2056548;","3600","28800","Thu Aug 20 19:49:08 PDT 2015","","","3PB5A5BD0V64T7BQGB5O6JLD2BQ7GW","A47P5PR27PW3B","Approved","Thu Aug 13 20:01:03 PDT 2015","Thu Aug 13 20:53:41 PDT 2015","Fri Aug 14 04:53:41 PDT 2015","Fri Aug 14 03:38:24 PDT 2015","","","3158","100% (10/10)","100% (10/10)","100% (10/10)","https://mikhailvoloshin.com/ALLSITES/dopaminenovel.com/api/full_text.php?dev=true#p=3743&h=220","Older dude, like around 40."
"36D1BWBEHN1UDWDDV0HMZESIBN82M7","3KYKM8PUWFBHVRG32VLVAYI8M6Z3HA","Trim superfluous words from a passage of text (WARNING: content may depict violence/profanity/drug use/adult situations)","Read a 1-page excerpt from a manuscript of a novel, and pick at least five words that can be removed without changing the passage's meaning.","writing, summary, text, wordcount","$0.25","Thu Aug 13 19:49:08 PDT 2015","1","BatchId:2056548;","3600","28800","Thu Aug 20 19:49:08 PDT 2015","","","3RWE2M8QWHAWLOSSIGXAHOKNV95N0J","A47P5PR27PW3B","Approved","Thu Aug 13 20:05:50 PDT 2015","Thu Aug 13 21:00:43 PDT 2015","Fri Aug 14 05:00:43 PDT 2015","Fri Aug 14 03:38:25 PDT 2015","","","3293","100% (10/10)","100% (10/10)","100% (10/10)","https://mikhailvoloshin.com/ALLSITES/dopaminenovel.com/api/full_text.php?dev=true#p=3785&h=220","His efforts didn’t last long."
"30QQTY5GMKKKC5FSAEP3MFQKZPX7UK","3KYKM8PUWFBHVRG32VLVAYI8M6Z3HA","Trim superfluous words from a passage of text (WARNING: content may depict violence/profanity/drug use/adult situations)","Read a 1-page excerpt from a manuscript of a novel, and pick at least five words that can be removed without changing the passage's meaning.","writing, summary, text, wordcount","$0.25","Thu Aug 13 19:49:09 PDT 2015","1","BatchId:2056548;","3600","28800","Thu Aug 20 19:49:09 PDT 2015","","","3ZY8KE4ISJ3XHM6015DG6B5IUGDQV9","A1WA3VMWGQJPYS","Approved","Thu Aug 13 22:02:11 PDT 2015","Thu Aug 13 22:06:58 PDT 2015","Fri Aug 14 06:06:58 PDT 2015","Fri Aug 14 03:38:24 PDT 2015","","","287","100% (5/5)","100% (5/5)","100% (5/5)","https://mikhailvoloshin.com/ALLSITES/dopaminenovel.com/api/full_text.php?dev=true#p=3827&h=220","through (from ""through the gunfire"" and ""through the ringing""), being squeezed, spent, the floor of the antechamber -> the antechamber floor, for their lives,"
"3ECKRY5B1QWYNOQYZSS8UWV8FNMZIV","3KYKM8PUWFBHVRG32VLVAYI8M6Z3HA","Trim superfluous words from a passage of text (WARNING: content may depict violence/profanity/drug use/adult situations)","Read a 1-page excerpt from a manuscript of a novel, and pick at least five words that can be removed without changing the passage's meaning.","writing, summary, text, wordcount","$0.25","Thu Aug 13 19:49:09 PDT 2015","1","BatchId:2056548;","3600","28800","Thu Aug 20 19:49:09 PDT 2015","","","3RKNTXVS3MY60TG4SDF77LQ0DENA43","A4T1X0PO5N1G9","Approved","Thu Aug 13 20:03:24 PDT 2015","Thu Aug 13 20:04:42 PDT 2015","Fri Aug 14 04:04:42 PDT 2015","Thu Aug 13 20:30:28 PDT 2015","","","78","100% (7/7)","100% (7/7)","100% (7/7)","https://mikhailvoloshin.com/ALLSITES/dopaminenovel.com/api/full_text.php?dev=true#p=3869&h=220","on their floor, one of the doors to , by looking"
"3GITHABACYL0VEYD71WMCTHIGDI2N7","3KYKM8PUWFBHVRG32VLVAYI8M6Z3HA","Trim superfluous words from a passage of text (WARNING: content may depict violence/profanity/drug use/adult situations)","Read a 1-page excerpt from a manuscript of a novel, and pick at least five words that can be removed without changing the passage's meaning.","writing, summary, text, wordcount","$0.25","Thu Aug 13 19:49:09 PDT 2015","1","BatchId:2056548;","3600","28800","Thu Aug 20 19:49:09 PDT 2015","","","3DZQRBDBSLFPITJU9ZWFIGS0LKX3S6","A2OMXHJ9MQE39N","Approved","Thu Aug 13 20:00:56 PDT 2015","Thu Aug 13 20:05:02 PDT 2015","Fri Aug 14 04:05:02 PDT 2015","Thu Aug 13 20:30:28 PDT 2015","","","246","100% (1/1)","100% (1/1)","100% (1/1)","https://mikhailvoloshin.com/ALLSITES/dopaminenovel.com/api/full_text.php?dev=true#p=3911&h=220","""The three Russian mercenaries gave chase down the maintenance hallway, each one self-consciously keeping one hand on the white towel around his waist.""
-one

""With the rosy-skinned men only a few feet behind him, he grabbed the door’s handle and pushed it open, revealing a small, cramped janitor’s closet filled with mops and buckets and bottles of detergents.""
-rosy-skinned

""He dug his heels into the floor and pressed his back against the door, using the strength of his legs to keep the door shut as the naked Russians beat and kicked against the outside.""
-naked

""A sliver of light occasionally appeared as the Russians slammed their bodies against the door to overcome Danny’s resistance, showing metal shelves holding large plastic jugs.""
-to overcome Danny's resistance"
"3CO05SML7V5EE2NRLL9P2PTDKCO0RA","3KYKM8PUWFBHVRG32VLVAYI8M6Z3HA","Trim superfluous words from a passage of text (WARNING: content may depict violence/profanity/drug use/adult situations)","Read a 1-page excerpt from a manuscript of a novel, and pick at least five words that can be removed without changing the passage's meaning.","writing, summary, text, wordcount","$0.25","Thu Aug 13 19:49:09 PDT 2015","1","BatchId:2056548;","3600","28800","Thu Aug 20 19:49:09 PDT 2015","","","30IQTZXKAK61XI6WKMKJFQBLXNFX0D","A1WA3VMWGQJPYS","Approved","Thu Aug 13 20:04:36 PDT 2015","Thu Aug 13 20:07:45 PDT 2015","Fri Aug 14 04:07:45 PDT 2015","Thu Aug 13 20:30:28 PDT 2015","","","189","100% (5/5)","100% (5/5)","100% (5/5)","https://mikhailvoloshin.com/ALLSITES/dopaminenovel.com/api/full_text.php?dev=true#p=3953&h=220","without warning, reached out to, crushing, a greeting, He is downstairs, yes? -> Is he downstairs?"
"3538U0YQ1FUDS4HFDDRENYD1K0X3FD","3KYKM8PUWFBHVRG32VLVAYI8M6Z3HA","Trim superfluous words from a passage of text (WARNING: content may depict violence/profanity/drug use/adult situations)","Read a 1-page excerpt from a manuscript of a novel, and pick at least five words that can be removed without changing the passage's meaning.","writing, summary, text, wordcount","$0.25","Thu Aug 13 19:49:09 PDT 2015","1","BatchId:2056548;","3600","28800","Thu Aug 20 19:49:09 PDT 2015","","","3AZHRG4CU4KPHKZI0XDV8AMHQSF03H","AMERD84D2MGKR","Approved","Thu Aug 13 20:05:39 PDT 2015","Thu Aug 13 20:58:08 PDT 2015","Fri Aug 14 04:58:08 PDT 2015","Fri Aug 14 03:38:25 PDT 2015","","","3149","100% (19/19)","100% (19/19)","100% (19/19)","https://mikhailvoloshin.com/ALLSITES/dopaminenovel.com/api/full_text.php?dev=true#p=3995&h=220","watching him handle the helpless, wounded mercenary
[  helpless, wounded ]

Danny saw Sergey’s finger begin to clench on the trigger. 
[ finger begin to clench on the trigger -> begin to pull the trigger ]"
"3LAZVA75NIRIDZYP8GWZRIHN6NN2OM","3KYKM8PUWFBHVRG32VLVAYI8M6Z3HA","Trim superfluous words from a passage of text (WARNING: content may depict violence/profanity/drug use/adult situations)","Read a 1-page excerpt from a manuscript of a novel, and pick at least five words that can be removed without changing the passage's meaning.","writing, summary, text, wordcount","$0.25","Thu Aug 13 19:49:09 PDT 2015","1","BatchId:2056548;","3600","28800","Thu Aug 20 19:49:09 PDT 2015","","","3MD9PLUKKIETN9YIMAA2NNN9DGRZNQ","A2R2YZTSME1K3F","Approved","Thu Aug 13 20:49:09 PDT 2015","Thu Aug 13 21:28:10 PDT 2015","Fri Aug 14 05:28:10 PDT 2015","Fri Aug 14 03:38:26 PDT 2015","","","2341","100% (42/42)","100% (42/42)","100% (42/42)","https://mikhailvoloshin.com/ALLSITES/dopaminenovel.com/api/full_text.php?dev=true#p=4037&h=220","of the teleconference, in the stairwell, fucking, to meet her at eye level, obediently"
"3DGDV62G7O90YZAQNG9EGIMDGSJ2P3","3KYKM8PUWFBHVRG32VLVAYI8M6Z3HA","Trim superfluous words from a passage of text (WARNING: content may depict violence/profanity/drug use/adult situations)","Read a 1-page excerpt from a manuscript of a novel, and pick at least five words that can be removed without changing the passage's meaning.","writing, summary, text, wordcount","$0.25","Thu Aug 13 19:49:09 PDT 2015","1","BatchId:2056548;","3600","28800","Thu Aug 20 19:49:09 PDT 2015","","","31EUONYN2V3UWATKMSLCH6AIFFMVOX","AMERD84D2MGKR","Approved","Thu Aug 13 19:56:28 PDT 2015","Thu Aug 13 20:03:41 PDT 2015","Fri Aug 14 04:03:41 PDT 2015","Thu Aug 13 20:30:28 PDT 2015","","","433","100% (19/19)","100% (19/19)","100% (19/19)","https://mikhailvoloshin.com/ALLSITES/dopaminenovel.com/api/full_text.php?dev=true#p=4079&h=220","He pulled the bulletproof armor, hot and damp inside, away from Sergey’s torso
[ hot and damp inside ]

revealing a thick tuft of black hair on his muscular chest
[ thick tuft of black hair on his ]"
"3T2EL38U0MKMZRE2BI9W6D6JYX6QXT","3KYKM8PUWFBHVRG32VLVAYI8M6Z3HA","Trim superfluous words from a passage of text (WARNING: content may depict violence/profanity/drug use/adult situations)","Read a 1-page excerpt from a manuscript of a novel, and pick at least five words that can be removed without changing the passage's meaning.","writing, summary, text, wordcount","$0.25","Thu Aug 13 19:49:09 PDT 2015","1","BatchId:2056548;","3600","28800","Thu Aug 20 19:49:09 PDT 2015","","","3OVHNO1VE61K1X75XGWZRIBFZCMZD5","A2R2YZTSME1K3F","Approved","Thu Aug 13 19:58:45 PDT 2015","Thu Aug 13 20:30:22 PDT 2015","Fri Aug 14 04:30:22 PDT 2015","Thu Aug 13 20:36:27 PDT 2015","","","1897","100% (42/42)","100% (42/42)","100% (42/42)","https://mikhailvoloshin.com/ALLSITES/dopaminenovel.com/api/full_text.php?dev=true#p=4121&h=220","soft, calm, below, the hotel, silence and, carefully, slow"
"3BAWBGQGYLZKPK4SF4Z8I1S3DW67V9","3KYKM8PUWFBHVRG32VLVAYI8M6Z3HA","Trim superfluous words from a passage of text (WARNING: content may depict violence/profanity/drug use/adult situations)","Read a 1-page excerpt from a manuscript of a novel, and pick at least five words that can be removed without changing the passage's meaning.","writing, summary, text, wordcount","$0.25","Thu Aug 13 19:49:09 PDT 2015","1","BatchId:2056548;","3600","28800","Thu Aug 20 19:49:09 PDT 2015","","","3XM0HYN6NKZVFZJZ629H62RMPPGEPS","AMERD84D2MGKR","Approved","Thu Aug 13 20:05:49 PDT 2015","Thu Aug 13 21:04:29 PDT 2015","Fri Aug 14 05:04:29 PDT 2015","Fri Aug 14 03:38:26 PDT 2015","","","3520","100% (19/19)","100% (19/19)","100% (19/19)","https://mikhailvoloshin.com/ALLSITES/dopaminenovel.com/api/full_text.php?dev=true#p=4163&h=220","With tears still streaming down her cheeks and sobs still racking her shoulders, she ran to Danny and buried her face against his shirt. 
[ and, sobs, still, racking, her, shoulders ]"
"3L2OEKSTW9A5TS4GUKEY30SS6XF8Y7","3KYKM8PUWFBHVRG32VLVAYI8M6Z3HA","Trim superfluous words from a passage of text (WARNING: content may depict violence/profanity/drug use/adult situations)","Read a 1-page excerpt from a manuscript of a novel, and pick at least five words that can be removed without changing the passage's meaning.","writing, summary, text, wordcount","$0.25","Thu Aug 13 19:49:09 PDT 2015","1","BatchId:2056548;","3600","28800","Thu Aug 20 19:49:09 PDT 2015","","","3ZOTGHDK5IBE4ICGSXG76JQBGBTOSM","A1CM02UL0ORLHY","Approved","Thu Aug 13 19:58:47 PDT 2015","Thu Aug 13 20:00:24 PDT 2015","Fri Aug 14 04:00:24 PDT 2015","Thu Aug 13 20:30:29 PDT 2015","","","97","100% (2/2)","100% (2/2)","100% (2/2)","https://mikhailvoloshin.com/ALLSITES/dopaminenovel.com/api/full_text.php?dev=true#p=4205&h=220","very
more
backstage
beefy
agonizingly"